Company;Ticker;Company_Group;Fiscal_Year;Analysis_Year;Period_End;Revenue;Net_Income;Assets;Equity;Free_Cash_Flow;Operating_Income;Operating_Cash_Flow;CapEx;Revenue_Growth;Net_Income_Growth;ROE;FCF_Margin;R_and_D_Expense;Short_Term_Debt;Long_Term_Debt;Total_Debt;Cash;Tax_Expense;Total_Liabilities;FCF_Growth;Operating_Margin;Net_Margin;ROA;Income_Before_Tax;Tax_Rate;NOPAT;Invested_Capital;ROIC;R_and_D_Intensity;CapEx_Intensity;Asset_Growth;Employee_Count;Employee_Growth_Rate;Workforce_Stability_Score;AI_Workforce_Adaptation_Score;Employee_Trust_Social_Contract_Score;Social_Index_Score;Source_Type;Source_Name;Source_URL;Evidence_Note;Social_Contract_Data_Confidence
Adobe;ADBE;AI Software;FY2018;2018;2018-11-30;9030;2591;18768;9362;3762;2840;4029;267;NULL;NULL;0,276757103183;0,416611295681;1538;0;4125;4125;1643;203;9406;NULL;0,314507198228;0,286932447397;0,138054134697;2885;0,070363951473;2640,16637781668;11844;0,222911717140888;0,170321151716;0,029568106312;NULL;21357;NULL;5;2;4;3,9;SEC 10-K;Adobe FY2018 Form 10-K;https://www.sec.gov/edgar/browse/?CIK=796343&owner=exclude&action=getcompany&type=10-K;"Employee count increased to 21357. Workforce expanded during Adobe's cloud/product growth and 2018 acquisitions; no major workforce disruption disclosed in the Form 10-K. AI workforce evidence is limited to product and engineering capability around Adobe Sensei rather than formal employee AI training. Human capital disclosure supports employee investment but qualitative detail is limited.";High
Adobe;ADBE;AI Software;FY2019;2019;2019-11-29;11171;2951;20762;10530;4027;3268;4422;395;0,237098560354374;138942496;0,28024691358;0,360486975203;1930;3149;989;4138;2650;254;10232;70441256;0,292543192194;0,264166144481;0,142134669107;3332;0,076230492196;3018,87875150347;12018;0,251196434639996;0,172768776295;0,035359412765;106244672;22634;0,0597930420939271;4;2;4;3,5;SEC 10-K;Adobe FY2019 Form 10-K;https://www.sec.gov/edgar/browse/?CIK=796343&owner=exclude&action=getcompany&type=10-K;"Employee count increased to 22634. Workforce remained mostly stable with continued integration of acquired businesses and product engineering expansion; no major workforce reduction disclosed. AI adaptation evidence remains indirect through Adobe Sensei, machine learning features, and technical product development rather than formal AI upskilling.";High
Adobe;ADBE;AI Software;FY2020;2020;2020-11-27;12868;5260;24284;13264;5308;4237;5727;419;0,151911198639334;782446656;0,396562123039;0,412496114392;2188;92;4616;4708;4478;-1084;11020;318102816;0,329266397264;0,408765930991;0,216603524954;3517;-0,308217230594;5542,91640602678;13494;0,410768964430619;0,170034193347;0,032561392601;169636832;22516;-0,00521339577626579;4;2;4;3,5;SEC 10-K;Adobe FY2020 Form 10-K;https://www.sec.gov/edgar/browse/?CIK=796343&owner=exclude&action=getcompany&type=10-K;Employee count slightly declined to 22516. Stability is mostly intact but the small decline and pandemic operating pressure create mixed workforce signals. AI adaptation evidence is still limited to technical product capability and cloud/software engineering, with limited formal workforce-level AI training disclosure.;High
Adobe;ADBE;AI Software;FY2021;2021;2021-12-03;15785;4822;27241;14797;6882;5802;7230;348;0,226686353745726;-83269960;0,325876866932;0,435983528666;2540;97;4576;4673;3844;883;12444;296533536;0,367564143173;0,305479885967;0,177012591314;5678;0,155512504402;4899,7164494596;15626;0,313561784811186;0,160912258473;0,022046246436;121767416;25988;0,154201456741872;5;3;4;4,15;SEC 10-K;Adobe FY2021 Form 10-K;https://www.sec.gov/edgar/browse/?CIK=796343&owner=exclude&action=getcompany&type=10-K;"Employee count increased strongly to 25988. Workforce stability improved with clear hiring growth. Adobe continued investment in cloud platforms, product engineering, and AI-enabled offerings; workforce adaptation evidence is moderate but still not a disclosed company-wide AI training program. Employee trust score reflects stable growth and human capital programs.";High
Adobe;ADBE;AI Software;FY2022;2022;2022-12-02;17606;4756;27165;14051;7396;6098;7838;442;0,115362686094393;-13687267;0,338481246886;0,420084062251;2987;587;4046;4633;4236;1252;13114;74687592;0,346359195728;0,270135181188;0,175078225658;6124;0,204441541476;4851,31548007935;14448;0,335777649507153;0,169658071112;0,025105077814;-2789912;29239;0,125096198245344;5;3;4;4,15;SEC 10-K;Adobe FY2022 Form 10-K;https://www.sec.gov/edgar/browse/?CIK=796343&owner=exclude&action=getcompany&type=10-K;"Employee count increased strongly to 29239. Workforce growth supports stability. Adobe expanded product and engineering capabilities around Creative Cloud, Document Cloud, Experience Cloud, Adobe Sensei, and responsible technology practices; evidence supports moderate AI-related technical capability building but not broad AI reskilling disclosure.";High
Adobe;ADBE;AI Software;FY2023;2023;2023-12-01;19409;5428;29779;16518;6942;6650;7302;360;0,102408269907986;141295200;0,328611212011;0,357669122572;3473;73;4007;4080;7141;1371;13261;-61384532;0,342624555618;0,279664073368;0,182276100607;6799;0,201647301073;5309,04544786455;13457;0,394519242614591;0,178937606265;0,018548096244;96226760;29945;0,0241458326208147;4;3;4;3,75;SEC 10-K;Adobe FY2023 Form 10-K;https://www.sec.gov/edgar/browse/?CIK=796343&owner=exclude&action=getcompany&type=10-K;"Employee count increased modestly to 29945. Adobe launched Firefly and positioned generative AI more centrally, strengthening AI-related product engineering and responsible AI evidence. Workforce stability is positive but growth slowed and AI/product transition pressure increased; no major layoff count included.";High
Adobe;ADBE;AI Software;FY2024;2024;2024-11-29;21505;5560;30230;14105;7873;7819;8056;183;0,107991138131795;24318348;0,394186458702;0,366100906765;3944;1574;4482;6056;7613;1371;16125;134111208;0,363589862822;0,258544524529;0,183923255044;6931;0,197806954263;6272,3474246176;12548;0,499868299698566;0,183399209486;0,008509648918;15144901;30709;0,0255134413090666;4;4;4;4;SEC 10-K;Adobe FY2024 Form 10-K;https://www.sec.gov/edgar/browse/?CIK=796343&owner=exclude&action=getcompany&type=10-K;"Employee count increased to 30709. Workforce remained stable, while Firefly and generative AI became more embedded across Creative Cloud and enterprise offerings. Responsible AI and customer-data trust issues increased the importance of governance; AI workforce adaptation score is stronger due to product engineering and governance evidence, not formal broad training disclosure.";High
Adobe;ADBE;AI Software;FY2025;2025;2025-11-28;23769;7130;29496;11623;9852;8706;10031;179;0,105277842362241;282374112;0,613438871203;0,414489461062;4294;77;6571;6648;5431;1604;17873;251365424;0,366275400732;0,299970549875;0,24172769189;8734;0,183650103045;7107,14220289023;12840;0,553515747888647;0,180655475619;0,007530817451;-24280516;31360;0,0211989970366993;4;4;4;4;SEC 10-K;Adobe FY2025 Form 10-K;https://www.sec.gov/edgar/browse/?CIK=796343&owner=exclude&action=getcompany&type=10-K;Employee count increased to 31360. Workforce growth remained positive as generative and agentic AI became central to Adobe's strategy. AI adaptation evidence is strong for product engineering, Firefly, responsible AI, and AI platform development, but no company-wide formal AI employee training program was clearly disclosed. Employee trust remains positive but conservative due to AI disruption and competitive pressure.;High
Alphabet;GOOGL;AI Cloud / Platform;FY2018;2018;2018-12-31;136819;30736;232792;177628;21341;27524;47971;26630;NULL;NULL;0,173035782646;0,155979798127;21419;0;4012;4012;16701;4177;55164;NULL;0,201170890007;0,224647161578;0,132032028592;34913;0,119640248617;24231,0217970657;164939;0,146908989366164;0,156549894386;0,194636709813;NULL;98771;NULL;5;2;4;3,9;SEC 10-K;Alphabet 2018 Form 10-K;https://www.sec.gov/Archives/edgar/data/1652044/000165204419000004/goog10-kq42018.htm;Alphabet disclosed 98,771 full-time employees as of December 31, 2018. Workforce growth was strong and no major workforce disruption was disclosed. AI workforce adaptation evidence was limited but present: Google described AI Principles implementation and Machine Learning Crash Course use with Google employees. Trust score kept at 4 because employee investment was positive but formal human capital disclosure was still limited.;Medium
Alphabet;GOOGL;AI Cloud / Platform;FY2019;2019;2019-12-31;161857;34343;275909;201442;28457;34231;54520;26063;0,183000898997946;117354240;0,1704857974;0,175815689157;26018;1199;14768;15967;18498;5282;74467;333442656;0,211489154006;0,212181122843;0,124472199167;39625;0,133299684542;29668,0184984428;198911;0,14915222636477;0,16074683208;0,161024855273;185216848;118899;0,203784511648156;5;3;4;4,15;SEC 10-K;Alphabet 2019 Form 10-K;https://www.sec.gov/Archives/edgar/data/1652044/000165204420000008/goog10-k2019.htm;Alphabet disclosed 118,899 full-time employees as of December 31, 2019, continuing strong hiring without major workforce disruption. Google reported AI ethics and machine-learning fairness training for employees, including pilot programs and internal education, supporting a moderate AI workforce adaptation score. Trust score remains positive but conservative because detailed employee relationship metrics were limited.;Medium
Alphabet;GOOGL;AI Cloud / Platform;FY2020;2020;2020-12-31;182527;40269;319616;222544;42843;41224;65124;22281;0,127705320128261;172553360;0,180948486591;0,234721438472;27573;1694;25078;26772;26465;7813;97072;505534656;0,225851517857;0,220619415209;0,125991815178;48082;0,162493240713;34525,3786448473;222851;0,154925841234041;0,151062582522;0,122069611619;158410928;135301;0,137949015551014;5;4;4;4,4;SEC 10-K;Alphabet 2020 Form 10-K;https://www.sec.gov/Archives/edgar/data/1652044/000165204421000010/goog-20201231.htm;"Alphabet disclosed 135,301 employees as of December 31, 2020; workforce expanded despite the pandemic year. The 10-K highlighted benefits, health care, career development and financial wellbeing resources. Google also reported AI Principles training pilots and broader internal access, including Cloud employee training, so AI adaptation is strong but not scored 5 because formal company-wide reskilling was not clearly disclosed.";High
Alphabet;GOOGL;AI Cloud / Platform;FY2021;2021;2021-12-31;257637;76033;359268;251635;67012;78714;91652;24640;0,411500764270491;888127360;0,302155900411;0,260102392125;31562;2189;26206;28395;20945;14701;107633;564129472;0,305522886852;0,295116772823;0,211633098411;90733;0,162024842119;65960,376577445;259085;0,254589716029276;0,122505695998;0,095638437025;124061376;156500;0,156680290611304;5;4;4;4,4;SEC 10-K;Alphabet 2021 Form 10-K;https://www.sec.gov/Archives/edgar/data/1652044/000165204422000019/goog-20211231.htm;Alphabet disclosed 156,500 employees as of December 31, 2021. The 10-K emphasized open culture, listening to employees, benefits, and manager training. Google also described hybrid work flexibility and continued AI Principles training for technical roles and Cloud-facing employees. Workforce stability was high, while AI adaptation was strong but not scored 5 because broad mandatory AI reskilling was not fully disclosed.;High
Alphabet;GOOGL;AI Cloud / Platform;FY2022;2022;2022-12-31;282836;59972;365264;256144;60010;74842;91495;31485;0,0978081564371577;-211237232;0,234133924667;0,212172425009;39500;2477;27202;29679;21879;11356;109120;-104488752;0,264612708424;0,212038071532;0,16418809409;85717;0,132482471388;64926,7468763793;263944;0,245986826282769;0,139656903647;0,111318926869;16689491;190234;0,215552715654952;3;4;3;3,25;SEC 10-K;Alphabet 2022 Form 10-K;https://www.sec.gov/Archives/edgar/data/1652044/000165204423000016/goog-20221231.htm;Alphabet disclosed 190,234 employees as of December 31, 2022, showing very strong headcount growth. However, management signaled a hiring slowdown, lower Q4 headcount additions, resource trade-offs, and efficiency pressure. Google reported more than 32,000 employees had engaged in AI Principles training, supporting a strong AI workforce adaptation score. Stability and trust scores were reduced to reflect macro pressure and prioritization shifts.;High
Alphabet;GOOGL;AI Cloud / Platform;FY2023;2023;2023-12-31;307394;73795;402392;283379;69495;84293;101746;32251;0,0868277022726951;230490896;0,260410969055;0,226077932555;45427;2791;24330;27121;24048;11922;119013;158056992;0,274218104452;0,240066494466;0,183390822879;119815;0,099503401076;75905,5598131007;286452;0,264985267385463;0,147781023702;0,104917467484;101647024;182502;-0,0406446797102516;2;3;2;2,25;SEC 10-K;Alphabet 2023 Form 10-K;https://www.sec.gov/Archives/edgar/data/1652044/000165204424000022/goog-20231231.htm;"Alphabet disclosed 182,502 employees as of December 31, 2023, a year-over-year decline. In January 2023, Sundar Pichai announced workforce reductions and linked the review to aligning people and roles with highest priorities, including AI. Google Brain and DeepMind were combined into Google DeepMind. This supports AI organizational adaptation, but not broad employee reskilling; layoffs and restructuring drove lower stability and trust scores.";High
Alphabet;GOOGL;AI Cloud / Platform;FY2024;2024;2024-12-31;350018;100118;450256;325084;72764;112390;125299;52535;0,138662433229016;356704384;0,30797578472;0,207886451553;49326;2887;22574;25461;23466;19697;125172;47039356;0,321097772114;0,286036718111;0,222357947478;158826;0,124016219006;98451,8171459157;327079;0,301003173991347;0,140924181042;0,150092280968;118948688;183323;0,00449858083747027;3;4;3;3,25;SEC 10-K;Alphabet 2024 Form 10-K;https://www.sec.gov/Archives/edgar/data/1652044/000165204425000014/goog-20241231.htm;"Alphabet disclosed 183,323 employees as of December 31, 2024; headcount was nearly flat, suggesting controlled stabilization rather than broad growth. Alphabet continued AI-focused organizational changes, including moving Responsible AI and Gemini-related teams closer to Google DeepMind. Management also stated that more than one-quarter of new Google code was generated by AI and reviewed by engineers, a strong internal AI tool adoption signal. Trust remains mixed due to ongoing restructuring.";High
Alphabet;GOOGL;AI Cloud / Platform;FY2025;2025;2025-12-31;402836;132170;595281;415265;73266;129039;164713;91447;0,150900810815444;320142240;0,318278689511;0,181875502685;61087;0;59291;59291;30708;26656;180016;6899016;0,320326385923;0,328098779652;0,222029596106;194449;0,137084788299;111349,716002685;443848;0,250873533287714;0,151642355698;0,227008013186;322094528;190820;0,040895032265455;4;4;4;4;SEC 10-K;Alphabet 2025 Form 10-K;https://www.sec.gov/Archives/edgar/data/1652044/000165204426000018/goog-20251231.htm;Alphabet disclosed 190,820 employees as of December 31, 2025, returning to moderate growth. Management expected some headcount growth in key investment areas such as AI and Cloud. AI adaptation deepened as Alphabet described AI-generated code and AI use across the business, while the 10-K continued to emphasize talent attraction, retention, and manager training. Scores remain below 5 because AI talent competition and cost discipline persisted.;High
Amazon;AMZN;AI Cloud / Platform;FY2018;2018;2018-12-31;232887;10073;162648;43549;17296;12421;30723;13427;NULL;NULL;0,231302670555;0,074267777935;28837;0;33145;33145;31750;1197;119099;NULL;0,053334879147;0,043252736305;0,061931287196;11270;0,106211180124;11101,7509316798;44944;0,247012970177995;0,12382400048;0,057654570671;NULL;647500;NULL;5;1;3;3,3;SEC 10-K;Amazon 2018 Form 10-K;https://www.sec.gov/Archives/edgar/data/1018724/000101872419000004/amzn-20181231x10k.htm;"Year-end employee count was 647,500 full-time and part-time employees. The 10-K describes employee relations as good and highlights competition for technical talent, but human capital, upskilling, or AI/robotics workforce adaptation disclosure is limited. Stability score is high; AI adaptation is low; trust score is positive but conservative.";Medium
Amazon;AMZN;AI Cloud / Platform;FY2019;2019;2019-12-31;280522;11588;225248;62060;21653;14541;38514;16861;0,20454125820677;150402064;0,186722526587;0,07718824192;35931;0;63205;63205;36092;2374;163188;251907952;0,051835506662;0,04130870306;0,051445517829;13976;0,169862621637;12071,0276187764;89173;0,13536639586844;0,128086210707;0,060105802753;384880224;798000;0,232432432432432;5;4;4;4,4;Mixed;"Amazon 2019 Form 10-K; Amazon Upskilling 2025 announcement";"https://www.sec.gov/Archives/edgar/data/1018724/000101872420000004/amzn-20191231x10k.htm ; https://press.aboutamazon.com/2019/7/amazon-pledges-to-upskill-100-000-u-s-employees-for-in-demand-jobs-by-2025";Employee count increased to 798,000. No major workforce disruption was disclosed in the main sources. In July 2019, Amazon pledged $700 million to upskill 100,000 U.S. employees by 2025 through programs including Amazon Technical Academy, Associate2Tech, Machine Learning University, Career Choice, and AWS Training & Certification. This supports strong technical/AI workforce adaptation evidence and a high but conservative trust score.;High
Amazon;AMZN;AI Cloud / Platform;FY2020;2020;2020-12-31;386064;21331;321795;93404;25924;22899;66064;40140;0,376234306043733;840783552;0,228373517194;0,067149488167;42740;0;84389;84389;42122;2863;228391;197247488;0,059313999751;0,055252496995;0,066287543311;24194;0,118335124411;20189,2439861125;135671;0,148810313081738;0,11070703303;0,103972398358;428625344;1298000;0,6265664160401;4;4;3;3,65;Mixed;"Amazon 2020 Form 10-K; Amazon COVID-19 testing update; Amazon Upskilling 2025 Report";"https://www.sec.gov/Archives/edgar/data/1018724/000101872421000004/amzn-20201231.htm ; https://www.aboutamazon.com/news/operations/update-on-covid-19-testing ; https://assets.aboutamazon.com/e0/56/15f7599d4bd8b0be344b6fc56bae/amazon-upskillingreport-2020.pdf";"Employee count surged to 1,298,000 during the pandemic. The 10-K highlighted pay, benefits, Career Choice, Technical Academy, and mentoring resources. However, Amazon disclosed 19,816 frontline employees had tested positive or were presumed positive for COVID-19, indicating high operational pressure. The Upskilling report described 15,000 participants in the first 12 months, worldwide access to MLU for technical employees, and AI/ML skill building. Stability is strong but not perfect; trust is mixed due to growth and investment alongside health pressure.";High
Amazon;AMZN;AI Cloud / Platform;FY2021;2021;2021-12-31;469822;33364;420549;138245;-14726;24859;46327;61053;0,216953665713457;564108544;0,24133965062;-0,031343785518;56052;0;116395;116395;36220;4791;282304;-1568045056;0,052911528195;0,071014128755;0,079334393851;38155;0,125566767134;21737,5357358159;218420;0,0995217275698923;0,119304757972;0,129949214809;306884832;1608000;0,238828967642527;4;4;4;4;Mixed;"Amazon 2021 Form 10-K; Amazon education and skills training announcement";"https://www.sec.gov/Archives/edgar/data/1018724/000101872422000005/amzn-20211231.htm ; https://press.aboutamazon.com/2021/9/amazon-to-pay-full-college-tuition-for-its-front-line-employees-as-part-of-1-2-billion-investment-in-education-and-skills-training-for-u-s-workforce";Employee count rose to 1,608,000. The 10-K emphasized competitive pay/benefits, Career Choice, Amazon Technical Academy, mentoring, and employee feedback programs. In September 2021, Amazon announced a $1.2 billion education and skills investment for 300,000 U.S. employees by 2025, including full tuition, 500+ AWS digital courses, Machine Learning University, and Mechatronics and Robotics Apprenticeship. Strong skill investment supports both trust and AI/technical adaptation, though tight labor market pressure keeps scores below 5.;High
Amazon;AMZN;AI Cloud / Platform;FY2022;2022;2022-12-31;513983;-2722;462675;146043;-16893;12248;46752;63645;0,0939951726398508;-1081584896;-0,01863834624;-0,03286684579;73213;0;140118;140118;53888;-3217;316632;147154688;0,023829581912;-0,005295895;-0,005883179337;-5972;0,538680509042;5650,24112525358;232273;0,0243258627789436;0,142442454322;0,123827052645;100169064;1541000;-0,0416666666666667;2;3;2;2,25;Mixed;"Amazon 2022 Form 10-K; Amazon 2022 Sustainability Report; Andy Jassy role-elimination note";"https://www.sec.gov/Archives/edgar/data/1018724/000101872423000004/amzn-20221231.htm ; https://sustainability.aboutamazon.com/2022-sustainability-report.pdf ; https://www.aboutamazon.com/news/company-news/a-note-from-ceo-andy-jassy-about-role-eliminations ; https://www.aboutamazon.com/news/company-news/update-from-ceo-andy-jassy-on-role-eliminations";Employee count declined to 1,541,000. The 10-K discussed Career Choice participation above 100,000 employees, skills training, and safety technology investments. The 2022 Sustainability Report reported 110,000 employees reached under the upskilling commitment, 110,000+ Career Choice participants, 389,479 MyVoice employee responses, and use of AI, robotics, sensors, and learning methods in safety. However, Amazon announced role eliminations in November 2022 and later said total eliminations would exceed 18,000 roles. Stability and trust scores are lowered for restructuring pressure.;High
Amazon;AMZN;AI Cloud / Platform;FY2023;2023;2023-12-31;574785;30425;527854;201875;32217;36852;84946;52729;0,118295741298837;NULL;0,150712074303;0,056050523239;85622;0;135611;135611;73387;7120;325979;-2907121408;0,064114407996;0,052932835755;0,057639044129;37525;0,189740173217;29859,6951366071;264099;0,113062507380214;0,148963525492;0,091736910322;140874272;1525000;-0,0103828682673589;2;3;2;2,25;Mixed;"Amazon 2023 Form 10-K; Andy Jassy 2023 role-elimination and RTO notes; 2023 Sustainability Executive Summary";"https://www.sec.gov/Archives/edgar/data/1018724/000101872424000008/amzn-20231231.htm ; https://www.aboutamazon.com/news/company-news/update-from-ceo-andy-jassy-on-amazons-operating-plan-and-additional-role-eliminations ; https://www.aboutamazon.com/news/company-news/andy-jassy-update-on-amazon-return-to-office ; https://sustainability.aboutamazon.com/2023-sustainability-executive-summary.pdf";Employee count declined slightly to 1,525,000. The 10-K stated more than 175,000 employees had participated in Career Choice. In March 2023, Amazon announced approximately 9,000 additional role eliminations, following the earlier 18,000+ reductions. The February 2023 note set an expectation for at least three days per week in office starting May 1, 2023. Amazon reported 358,000+ U.S. employees participating in upskilling programs since 2019, but AI adaptation is mostly general technical/upskilling evidence, so the score remains 3.;High
Amazon;AMZN;AI Cloud / Platform;FY2024;2024;2024-12-31;637959;59248;624894;285970;32878;69593;115877;82999;0,109908922466661;947345920;0,207182571598;0,051536227249;88544;0;130900;130900;78779;9265;338924;20517118;0,109086947593;0,092871171971;0,094812880264;42478;0,218112905504;54413,8685672601;338091;0,160944445629313;0,138792618334;0,130100837201;183838720;1556000;0,020327868852459;3;4;2;2,9;Mixed;"Amazon 2024 Form 10-K; Amazon 2024 Sustainability Report; Andy Jassy culture and teams memo";"https://www.sec.gov/Archives/edgar/data/1018724/000101872425000004/amzn-20241231.htm ; https://sustainability.aboutamazon.com/2024-amazon-sustainability-report.pdf ; https://www.aboutamazon.com/news/company-news/ceo-andy-jassy-latest-update-on-amazon-return-to-office-manager-team-ratio";Employee count increased to 1,556,000, suggesting a mixed but controlled workforce picture rather than collapse. The 10-K reported Career Choice reached 240,000+ cumulative participants. The 2024 Sustainability Report reported 439,000 U.S. and 710,000 global employees participating in upskilling programs since 2019, 100,000+ employees using Career Choice in 2024, approximately 244,000 cumulative Career Choice participants, and 4,930 people trained through Mechatronics and Robotics Apprenticeship. However, the September 2024 CEO memo announced a five-day office expectation starting in 2025 and a goal to increase the individual contributor-to-manager ratio, putting trust under pressure.;High
Amazon;AMZN;AI Cloud / Platform;FY2025;2025;2025-12-31;716924;77670;818042;411065;7695;79975;139514;131819;0,123777546832947;310930336;0,188948219867;0,010733355278;108521;0;152987;152987;86810;19087;406977;-765952896;0,111552967957;0,108337843341;0,094946225254;61036;0,312717084999;54965,451127205;477242;0,115173122078956;0,151370298664;0,183867467123;309089216;1576000;0,012853470437018;2;4;1;2,15;Mixed;"Amazon 2025 Form 10-K; Andy Jassy generative AI memo; Beth Galetti workforce reduction note; Amazon Future Ready statement";"https://www.sec.gov/Archives/edgar/data/1018724/000101872426000004/amzn-20251231.htm ; https://www.aboutamazon.com/news/company-news/amazon-ceo-andy-jassy-on-generative-ai ; https://www.aboutamazon.com/news/company-news/amazon-workforce-reduction ; https://www.aboutamazon.com/news/workplace/amazon-future-of-work-skills-jobs-training";Year-end employee count increased slightly to 1,576,000, but corporate-side stability weakened. The 2025 10-K noted competition for technical personnel in AI/ML and reported Career Choice participation above 300,000. In June 2025, CEO Andy Jassy said generative AI was being used in virtually every corner of the company and expected it to reduce the need for some corporate roles over the next few years. In October 2025, Amazon announced approximately 14,000 corporate role reductions. Future Ready 2030 materials described AWS AI/ML certification support, AWS Skill Builder, and Machine Learning University. AI adaptation is strong, but trust and stability are materially pressured.;High
AMD;AMD;AI Infrastructure;FY2018;2018;2018-12-29;6480;337;4556;1266;-129;451;34;163;NULL;NULL;0,266192733017;-0,019907407407;1434;136;1114;1250;1078;-9;3290;NULL;0,069598765432;0,052006172839;0,073968393327;312;-0,028846153846;464,009615384546;1438;0,322677062158933;0,221296296296;0,025154320987;NULL;10100;NULL;4;1;3;2,9;SEC 10-K;AMD 2018 Form 10-K;https://www.sec.gov/Archives/edgar/data/2488/000000248819000011/amd-12292018x10k.htm;AMD disclosed approximately 10,100 employees as of December 29, 2018. The filing emphasizes attracting and retaining qualified engineering/product-development talent and stock-based incentives, but does not disclose AI-specific training, reskilling, or company-wide AI workforce transformation. No major workforce disruption was disclosed, so stability is relatively strong while AI workforce adaptation remains low.;Medium
AMD;AMD;AI Infrastructure;FY2019;2019;2019-12-28;6730;341;6028;2827;276;631;493;217;0,0385802469135802;11869436;0,120622568093;0,041010401188;1547;43;685;728;1466;31;3201;-3139534848;0,093759286775;0,050668647845;0,056569343065;364;0,085164835164;577,260989011516;2089;0,27633364720513;0,22986627043;0,032243684992;32309044;11400;0,128712871287129;4;1;3;2,9;SEC 10-K;AMD 2019 Form 10-K;https://www.sec.gov/Archives/edgar/data/2488/000000248820000008/amdform10-kfy2019.htm;"AMD disclosed approximately 11,400 employees as of December 28, 2019. Employee count grew versus FY2018, and the filing highlights technical talent attraction/retention, leadership development, and equity incentives. Direct evidence of AI-specific workforce adaptation or AI upskilling is limited; therefore trust and AI adaptation scores are conservative.";Medium
AMD;AMD;AI Infrastructure;FY2020;2020;2020-12-26;9760;2490;8962;5837;777;1369;1071;294;0,450222882615156;6302052864;0,426589001199;0,079610655737;1983;0;531;531;1595;-1210;3125;1815217408;0,140266393442;0,255122950819;0,277839767908;1213;-0,997526793075;2734,61417971968;4773;0,572934041424612;0,203176229508;0,030122950819;4867286;12600;0,105263157894737;4;1;4;3,25;SEC 10-K;AMD 2020 Form 10-K;https://www.sec.gov/Archives/edgar/data/2488/000162828021001185/amd-20201226.htm;AMD disclosed approximately 12,600 employees as of December 26, 2020. The 10-K includes stronger human capital evidence: annual employee survey, senior management review, executive-quality scores in the top 10% of technology peers, competitive compensation/benefits, and tailored development programs. AI-specific reskilling is not clearly disclosed, so AI adaptation remains conservative.;High
AMD;AMD;AI Infrastructure;FY2021;2021;2021-12-25;16430;3162;12419;7497;3220;3648;3521;301;0,683401639344262;269879520;0,421768707482;0,195982958003;2845;312;349;661;2535;513;4922;3144144128;0,222032866707;0,192452830188;0,25460987197;3789;0,13539192399;3154,09026128448;5623;0,560926598129909;0,173158855751;0,018320146074;38573980;15500;0,23015873015873;4;2;4;3,5;SEC 10-K;AMD 2021 Form 10-K;https://www.sec.gov/Archives/edgar/data/2488/000000248822000016/amd-20211225.htm;AMD disclosed approximately 15,500 employees as of December 25, 2021. Workforce growth was strong, and the filing indicates engagement surveys, top-10% executive-quality results, bonus/equity incentives, and tailored development programs. AI workforce adaptation evidence is still limited, but expected Xilinx integration, product innovation, and cultural/employee integration support some adaptive-computing capability expansion.;High
AMD;AMD;AI Infrastructure;FY2022;2022;2022-12-31;23600;1320;67580;54750;3115;1264;3565;450;0,436396835057821;-582542720;0,024109589041;0,131991525423;5005;0;2863;2863;4835;-122;12830;-32608696;0,053559322033;0,055932203389;0,019532406037;938;-0,130063965884;1428,40085287738;52778;0,0270643232573681;0,212076271186;0,01906779661;444166208;25000;0,612903225806452;3;3;3;3;SEC 10-K;AMD 2022 Form 10-K;https://www.sec.gov/Archives/edgar/data/2488/000000248823000047/amd-20221231.htm;"AMD disclosed approximately 25,000 employees as of December 31, 2022. Growth was very high, but much of the increase was linked to the Xilinx and Pensando acquisitions rather than purely organic hiring. The filing discusses Xilinx integration, Vitis AI, software stacks for hardware/software developers and AI scientists, and broader adaptive-computing capability; however, acquisition integration complexity keeps workforce stability and trust scores conservative.";High
AMD;AMD;AI Infrastructure;FY2023;2023;2023-12-30;22680;854;67885;55892;1121;401;1667;546;-0,0389830508474576;-353030304;0,015279467544;0,04942680776;5872;751;2252;3003;3933;-346;11993;-640128384;0,017680776014;0,037654320987;0,012580098696;492;-0,70325203252;683,00406504052;54962;0,0124268415458047;0,258906525573;0,024074074074;451317;26000;0,04;4;4;4;4;SEC 10-K;AMD 2023 Form 10-K;https://www.sec.gov/Archives/edgar/data/2488/000000248824000012/amd-20231230.htm;AMD disclosed approximately 26,000 employees as of December 30, 2023. Growth became more controlled. AMD stated it brought together multiple AI teams across AMD and expanded AI software capabilities through Mipsology and Nod acquisitions. The filing also describes mentoring, learning, tuition assistance for advanced certifications, and top-10% employee survey scores, supporting stronger AI adaptation and employee social contract evidence.;High
AMD;AMD;AI Infrastructure;FY2024;2024;2024-12-28;25790;1641;69226;57568;2405;1900;3041;636;0,137125220458554;921545664;0,028505419677;0,093253198914;6456;0;2212;2212;3787;381;11658;1145405952;0,073671965878;0,063629313687;0,023704966342;1989;0,191553544494;1536,0482654614;55993;0,0274328624196131;0,25032958511;0,024660721209;19753996;28000;0,0769230769230769;2;4;3;2,85;SEC 10-K;AMD 2024 Form 10-K;https://www.sec.gov/Archives/edgar/data/2488/000000248825000012/amd-20241228.htm;AMD disclosed approximately 28,000 employees as of December 28, 2024. Employee count still grew, but AMD also disclosed a 2024 Restructuring Plan intended to reduce global workforce by approximately 4% while aligning resources to the largest growth opportunities in AI and enterprise markets. AI workforce adaptation remains strong due to cross-company AI teams, ROCm/software ecosystem development, and Silo AI, while trust/stability scores are reduced for restructuring pressure.;High
AMD;AMD;AI Infrastructure;FY2025;2025;2025-12-27;34640;4335;76926;62999;6700;3694;7709;1009;0,3431562621171;1641681920;0,068810616041;0,193418013856;8091;874;2973;3847;5539;-103;13927;1785862784;0,106639722863;0,125144341801;0,056352858591;4140;-0,024879227053;3785,90386473378;61307;0,061753207051948;0,233573903002;0,029128175519;111229888;31000;0,107142857142857;4;5;4;4,25;SEC 10-K;AMD 2025 Form 10-K;https://www.sec.gov/Archives/edgar/data/2488/000000248826000018/amd-20251227.htm;AMD disclosed approximately 31,000 employees as of December 27, 2025. The filing provides the clearest AI workforce transformation evidence: multiple AI teams across AMD, a broad software ecosystem, strategic acquisitions adding machine-learning and AI software expertise, and retention of selected ZT Systems design employees. Training, advanced certifications, mentoring, and employee-voice mechanisms support employee trust, but acquisition/integration complexity keeps trust below the maximum score.;High
Coca-Cola;KO;Control Group;FY2018;2018;2018-12-31;34300;6476;83216;19058;6079;9152;7627;1548;NULL;NULL;0,33980480638;0,177230320699;NULL;18838;25376;44214;9077;1749;64158;NULL;0,266822157434;0,188804664723;0,077821572774;11503;0,15204729201;7760,46318352448;54195;0,143195187443943;NULL;0,045131195335;NULL;62600;NULL;3;1;3;2,5;SEC 10-K;Coca-Cola 2018 Form 10-K;https://www.sec.gov/Archives/edgar/data/21344/000002134419000014/a2018123110-k.htm;Coca-Cola disclosed approximately 62600 employees at December 31 2018 versus 61800 in 2017. Workforce looked broadly stable in the dataset start year, but official filings still highlighted refranchising execution risk, so stability is scored as mixed rather than fully stable. The 2018 Business & Sustainability Report showed employee inclusion and learning/development evidence, but there was no clear workforce-level AI or automation upskilling program, so digital adaptation remains low.;Medium
Coca-Cola;KO;Control Group;FY2019;2019;2019-12-31;37266;8985;86381;21098;8417;10086;10471;2054;0,0864723032069971;387430528;0,425869750687;0,225862716685;NULL;15247;27516;42763;6480;1801;65283;384602720;0,270648848816;0,24110449203;0,104015929428;10786;0,166975709252;8401,88299648433;57381;0,146422735687498;NULL;0,055117265067;38033552;86200;0,376996805111821;4;1;4;3,25;SEC 10-K;Coca-Cola 2019 Form 10-K;https://www.sec.gov/Archives/edgar/data/21344/000002134420000006/a2019123110-k.htm;Coca-Cola disclosed approximately 86200 employees at December 31 2019 versus 62600 in 2018, a sharp increase. Official sources did not frame 2019 as a major disruption year, although refranchising and structural changes remained part of the wider operating context. Business and sustainability reporting continued to show inclusion and people development evidence, but there was still no clear workforce-wide AI or automation training program.;Medium
Coca-Cola;KO;Control Group;FY2020;2020;2020-12-31;33014;7768;87296;21284;8667;8997;9844;1177;-0,114098642193957;-135447968;0,364968990791;0,262524989398;NULL;2668;40125;42793;6795;1981;66012;29701794;0,272520748773;0,235294117647;0,088984604105;9749;0,203200328238;7168,80664684271;57282;0,125149377585327;NULL;0,03565154177;10592607;80300;-0,068445475638051;2;1;2;1,75;SEC 10-K;Coca-Cola 2020 Form 10-K;https://www.sec.gov/Archives/edgar/data/21344/000002134421000008/ko-20201231.htm;Coca-Cola disclosed approximately 80300 employees at December 31 2020 versus 86200 in 2019. In August 2020, Coca-Cola officially announced strategic steps to reorganize the business, including voluntary separation programs, and Reuters later reported 2200 job cuts globally as restructuring accelerated. The 2020 filing also said digitizing the system was a top priority, including data, AI, automation and robotics, but the company did not disclose a formal workforce-wide AI upskilling program, keeping adaptation evidence limited.;High
Coca-Cola;KO;Control Group;FY2021;2021;2021-12-31;38655;9804;94354;24860;11258;10308;12625;1367;0,170866904949415;262100928;0,394368463395;0,291243047471;NULL;4645;38116;42761;9684;2621;69494;29895004;0,266666666666;0,253628249902;0,103906564639;12425;0,210945674044;8133,57199195445;57937;0,14038648863342;NULL;0,035364118484;80851360;79000;-0,0161892901618929;3;2;3;2,75;SEC 10-K;Coca-Cola 2021 Form 10-K;https://www.sec.gov/Archives/edgar/data/21344/000002134422000009/ko-20211231.htm;Coca-Cola disclosed approximately 79000 employees at December 31 2021 versus 80300 in 2020, indicating a smaller follow-on decline after the 2020 restructuring cycle. Official filings described Human Capital Management as a business priority and said success would depend partly on adapting to the digital environment and digitizing the Coca-Cola system. Even so, the disclosure still stopped short of a clear company-wide AI workforce transformation program, so adaptation is only moderate.;High
Coca-Cola;KO;Control Group;FY2022;2022;2022-12-31;43004;9571;92763;25826;9534;10909;11018;1484;0,112508084335791;-2376581;0,37059552389;0,221700306948;NULL;2772;36377;39149;9519;2115;66937;-153135552;0,25367407683;0,222560692028;0,103176913208;11874;0,178120262758;8965,88605357298;55456;0,161675671768122;NULL;0,034508417821;-1686203;82500;0,0443037974683544;4;2;4;3,5;SEC 10-K;Coca-Cola 2022 Form 10-K;https://www.sec.gov/Archives/edgar/data/21344/000002134423000011/ko-20221231.htm;Coca-Cola disclosed approximately 82500 employees at December 31 2022 versus 79000 in 2021, showing renewed workforce growth. Official disclosures described human capital as a business priority and referenced online learning through digital content plus the Thrive Opportunity Marketplace to connect employees with project opportunities. That supports limited-to-moderate digital capability development, but not strong AI-specific workforce adaptation.;High
Coca-Cola;KO;Control Group;FY2023;2023;2023-12-31;45754;10703;97703;27480;9747;11311;11599;1852;0,0639475397637429;118273952;0,389483260553;0,213030554705;NULL;6517;35547;42064;9366;2249;70223;22341096;0,247213358394;0,23392490274;0,109546278005;12845;0,175087582717;9330,58435188801;60178;0,155049758248662;NULL;0,040477335314;53253992;79100;-0,0412121212121212;3;2;3;2,75;SEC 10-K;Coca-Cola 2023 Form 10-K;https://www.sec.gov/Archives/edgar/data/21344/000002134424000009/ko-20231231.htm;Coca-Cola disclosed approximately 79100 employees at December 31 2023 versus 82500 in 2022, and explicitly said the decrease was primarily due to 2023 refranchising activity. The filing also described Thrive, online digital learning content, employee surveys, pay equity analysis, and annual cybersecurity/data protection training. It further noted business demand for employees with advanced technology, AI, machine learning, digital marketing, and analytics capabilities, but it still did not disclose a formal AI reskilling program for the broader workforce.;High
Coca-Cola;KO;Control Group;FY2024;2024;2024-12-31;47061;10649;100549;26372;4741;9992;6805;2064;0,0285658084539057;-5045314;0,403799484301;0,100741590701;NULL;2147;42375;44522;10828;2437;74177;-513593920;0,212320180191;0,226280784513;0,105908561994;13324;0,182903032122;8164,43290303698;60066;0,135924364915875;NULL;0,043857971568;29129096;69700;-0,118836915297092;2;2;3;2,35;SEC 10-K;Coca-Cola 2024 Form 10-K;https://investors.coca-colacompany.com/filings-reports/all-sec-filings/content/0000021344-25-000011/ko-20241231.htm;Coca-Cola disclosed approximately 69700 employees at December 31 2024 versus 79100 in 2023, and said the decrease was primarily due to 2024 refranchising activity. The filing continued to describe Thrive, digital content learning, capability development, benefits, pay equity analyses and inclusion networks. It also stated that one of Coca-Cola's top priorities was to digitalize the system through data, AI, automation, robotics and digital devices, but workforce-level AI training evidence remained limited, so the adaptation score stays conservative.;High
Coca-Cola;KO;Control Group;FY2025;2025;2025-12-31;47941;13137;104816;34275;5296;13762;7408;2112;0,0186991351649986;233636960;0,383282275711;0,110469118291;NULL;3373;42119;45492;10270;2891;70541;117063912;0,287061179366;0,274024321561;0,125333918485;13615;0,212339331619;10839,7861182593;69497;0,155974878315025;NULL;0,044054149892;42437020;65900;-0,054519368723099;2;2;3;2,35;SEC 10-K;Coca-Cola 2025 Form 10-K;https://www.sec.gov/Archives/edgar/data/21344/000162828026010047/ko-20251231.htm;Coca-Cola disclosed approximately 65900 employees at December 31 2025 versus 69700 in 2024, and said the decline was primarily due to 2025 divestiture activity. Human capital disclosures remained strong on talent development, online learning, coaching, mentoring, benefits and wellbeing support. The 2025 filing again said Coca-Cola aimed to digitalize operations using data, artificial intelligence, automation, robotics and digital devices, but formal workforce-wide AI transformation evidence was still not clearly disclosed.;High
Meta Platforms;META;AI High Exposure;FY2018;2018;2018-12-31;55838;22112;97334;84127;15359;24913;29274;13915;NULL;NULL;0,262840705124;0,275063576775;10273;500;0;500;10019;3249;13207;NULL;0,446165693613;0,39600272216;0,227176526188;25361;0,128110090296;21721,3933204558;74608;0,291140270754554;0,18397865253;0,249203051685;NULL;35587;NULL;5;1;3;3,3;SEC 10-K;"Employees; MD&A / Operating expenses";https://www.sec.gov/Archives/edgar/data/1326801/000132680119000009/fb-12312018x10k.htm;"Company disclosed 35,587 employees and growth from 25,105 in 2017; continued hiring expected in safety/security/content review.";High
Meta Platforms;META;AI High Exposure;FY2019;2019;2019-12-31;70697;18485;133376;101054;21212;23986;36314;15102;0,266109101328844;-164028576;0,182922002097;0,300041020128;13600;800;9524;10324;19079;6327;32322;381079488;0,339278894436;0,261467954792;0,138593150191;24812;0,254997581815;17869,6280025854;92299;0,193605867913904;0,192370256163;0,213615853572;370291968;44942;0,262876893247534;5;1;3;3,3;SEC 10-K;"Employees; MD&A / Operating expenses";https://www.sec.gov/ix?doc=/Archives/edgar/data/1326801/000132680120000013/fb-12312019x10k.htm;Company disclosed 44,942 employees and continued investments/headcount scaling.;High
Meta Platforms;META;AI High Exposure;FY2020;2020;2020-12-31;85965;29146;159316;128290;23584;32671;38747;15163;0,215963902287226;576737920;0,227188401278;0,274344209852;32671;1023;9631;10654;17576;4034;31026;111823496;0,380050020357;0,339044960158;0,182944588114;32780;0,123062843197;28650,4138499108;121368;0,236062338094974;0,380050020357;0,176385738381;194487760;58604;0,303991811668373;5;1;4;3,65;SEC 10-K;Human Capital;https://www.sec.gov/ix?doc=/Archives/edgar/data/1326801/000132680121000014/fb-20201231.htm;Company disclosed 58,604 global workforce, +30%, and described recruiting, people development, training, resource groups, and benefits.;High
Meta Platforms;META;AI High Exposure;FY2021;2021;2021-12-31;117929;39370;165987;124879;38993;46753;57683;18690;0,371825743034956;3507857;0,315265176691;0,330648101823;46753;1127;12746;13873;16601;7914;41108;653366720;0,3964504066;0,333844940599;0,237187249603;47284;0,167371626765;38927,874333856;122151;0,318686497317713;0,3964504066;0,158485190241;41872756;71970;0,228073169066958;5;1;4;3,65;SEC 10-K;Human Capital;https://www.sec.gov/ix?doc=/Archives/edgar/data/1326801/000132680122000018/fb-20211231.htm;Company disclosed 71,970 employees, +23%, continued technical recruiting, remote work, and people development programs.;High
Meta Platforms;META;AI High Exposure;FY2022;2022;2022-12-31;116609;23200;185727;125713;19289;28944;50475;31186;-0,011193175554783;-410718816;0,184547341961;0,165416048503;28944;1367;25224;26591;14681;5619;60014;-505321472;0,248214117263;0,19895548371;0,124914525082;28919;0,194301324388;23320,1424669137;137623;0,169449455882474;0,248214117263;0,267440763577;118924976;86482;0,201639572043907;2;1;2;1,75;Mixed;"Human Capital; 2022 Layoff Announcement; Restructuring";https://www.sec.gov/ix?doc=/Archives/edgar/data/1326801/000132680123000013/meta-20221231.htm | https://about.fb.com/news/2022/11/mark-zuckerberg-layoff-message-to-employees/;Company disclosed 86,482 employees and an approximately 11,000-person layoff, with severance and transition support.;High
Meta Platforms;META;AI High Exposure;FY2023;2023;2023-12-31;134902;39098;229623;153168;44068;46751;71113;27045;0,156874683772265;685258624;0,255262195758;0,326666765503;38483;1623;35611;37234;41862;8330;76455;1284618240;0,346555277164;0,289825206446;0,170270399742;47321;0,176031782929;38521,3381162863;148540;0,259333096245364;0,285266341492;0,200478866139;236346896;67317;-0,221606808353183;1;2;2;1,6;Mixed;"Human Capital; Note 3 Restructuring; Year of Efficiency Announcement";https://www.sec.gov/ix?doc=/Archives/edgar/data/1326801/000132680124000012/meta-20231231.htm | https://about.fb.com/news/2023/03/mark-zuckerberg-meta-year-of-efficiency/;"Company disclosed 67,317 employees and 2023 Restructuring layoffs of approximately 10,000; 2022 restructuring of approximately 11,000 was completed.";High
Meta Platforms;META;AI High Exposure;FY2024;2024;2024-12-31;164501;62360;276054;182637;54072;69380;91328;37256;0,21941112807816;594966464;0,341442314536;0,328703168977;43873;1942;47118;49060;43889;8303;93417;227012800;0,42176035404;0,379085841423;0,225897831583;70663;0,117501379788;61227,7542703086;187808;0,326012492919942;0,266703545875;0,226478866389;202205360;74067;0,100271848121574;3;2;3;2,75;Mixed;"Human Capital; Restructuring; External News";https://www.sec.gov/ix?doc=/Archives/edgar/data/1326801/000132680125000017/meta-20241231.htm | External: https://www.reuters.com/technology/meta-lays-off-employees-whatsapp-instagram-verge-reports-2024-10-17/;"Company disclosed 74,067 employees; external Reuters reported small layoffs across units, with exact number not specified.";Medium
Meta Platforms;META;AI High Exposure;FY2025;2025;2025-12-31;200966;60458;366021;217243;46109;83276;115800;69691;0,221670384982462;-30500320;0,278296653977;0,229436820158;57372;2213;81684;83897;35873;25474;148778;-147266608;0,414378551595;0,300836957495;0,16517631502;77683;0,327922454076;55967,929714367;265267;0,210987155260047;0,28548112616;0,346780052347;325903616;78865;0,0647791864123024;3;5;3;3,5;Mixed;"Human Capital; Risk Factors; MD&A; External News";https://www.sec.gov/Archives/edgar/data/1326801/000162828026003942/meta-20251231.htm | External: https://www.reuters.com/technology/meta-lay-off-5-lowest-performers-plans-hire-impacted-roles-2025-01-14/;"Company disclosed 78,865 employees and explicit AI tools/training programs; external Reuters reported about 5% performance-based cuts.";Medium
Microsoft;MSFT;AI Cloud / Platform;FY2018;2018;2018-06-30;110360;16571;258848;82718;32252;35058;43884;11632;NULL;NULL;0,200331245919;0,292243566509;14726;3998;77810;81808;11946;19903;176130;NULL;0,317669445451;0,150154041319;0,064018265545;36474;0,54567637221;15927,6777430618;152580;0,104389027022295;0,133436027546;0,10540050743;NULL;131000;NULL;4;0;4;3;Annual Report;Microsoft 2018 Annual Report;https://www.microsoft.com/investor/reports/ar18/index.html;"As of June 30, 2018, approximately 131,000 full-time employees were reported. Employee investment emphasizes benefits, health/wellbeing, parental leave, and diversity/inclusion; however, there is no clear evidence of corporate AI upskilling/reskilling for employees.";High
Microsoft;MSFT;AI Cloud / Platform;FY2019;2019;2019-06-30;125843;39240;286556;102330;38260;42959;52185;13925;0,140295396882929;1367992320;0,383465259454;0,304029624214;16876;5516;72850;78366;11356;4448;184226;186283024;0,341369802054;0,31181710544;0,136936584821;43688;0,101812854788;38585,2215711623;169340;0,227856510990683;0,134103605285;0,110653751102;107043520;144000;0,099236641221374;5;0;4;3,4;Annual Report;Microsoft 2019 Annual Report;https://www.microsoft.com/investor/reports/ar19/index.html;"The number of employees has risen to 144,000. The workforce has grown strongly, and no major workforce cuts have been announced. Culture, wellbeing, paid leave, and a global allyship program provide supporting evidence; there is no evidence of overt AI training/reskilling for employees. ";High
Microsoft;MSFT;AI Cloud / Platform;FY2020;2020;2020-06-30;143015;44281;301311;118304;45234;52959;60675;15441;0,136455742472764;128465848;0,374298417635;0,316288501206;19269;3749;67249;70998;13576;8755;183007;182279136;0,370303814285;0,309624864524;0,146961113268;53014;0,165145056022;44213,0829781309;175726;0,251602397927062;0,134734118798;0,107967695696;51490808;163000;0,131944444444444;4;1;4;3,25;Annual Report;Microsoft 2020 Annual Report;https://www.microsoft.com/investor/reports/ar20/index.html;"The number of employees has risen to 163,000. There was pressure for working from home/office closures during the COVID-19 period; however, there is no evidence of large-scale official layoffs. While Cloud and AI/AI and Research structures demonstrate technical capacity, evidence of official AI upskilling for employees is limited. ";High
Microsoft;MSFT;AI Cloud / Platform;FY2021;2021;2021-06-30;168088;61271;333779;141988;56118;69916;75740;19622;0,175317274411775;383686016;0,431522382173;0,3338608348;20716;8072;59703;67775;14224;9831;191791;240615472;0,415948788729;0,364517395649;0,183567570158;71101;0,138268097495;60248,8476955396;195539;0,308116783329871;0,123244966922;0,116736471372;107755776;181000;0,110429447852761;4;1;5;3,6;Annual Report;Microsoft 2021 Annual Report;https://www.microsoft.com/investor/reports/ar21/index.html;Employee count increased to 181000. Microsoft disclosed pandemic-era employee support, school and childcare leave, wellbeing days, expanded health coverage, and employee assistance program support. Strong learning activity showed employee investment, but AI workforce adaptation evidence remained limited to broader learning and responsible AI initiatives.;High
Microsoft;MSFT;AI Cloud / Platform;FY2022;2022;2022-06-30;198270;72738;364840;166542;65149;83383;89035;23886;0,179560706296702;18715216;0,436754692509;0,328587279971;24512;2749;58521;61270;13931;10978;198298;160928752;0,42055278156;0,366863368134;0,199369586668;83716;0,131133833436;72448,667566606;213881;0,338733536717174;0,12362939426;0,120472083522;93058584;221000;0,220994475138122;5;2;5;4,25;Annual Report;Microsoft 2022 Annual Report;https://www.microsoft.com/investor/reports/ar22/index.html;"The number of employees has increased to 181,000. During the pandemic, school/childcare leave, wellbeing days, expanded health coverage, and EAP support were announced. Over 5 million courses and 18+ hours of learning per employee are evidence of strong employee investment; AI adoption is still limited at the general learning/responsible AI level. ";High
Microsoft;MSFT;AI Cloud / Platform;FY2023;2023;2023-06-30;211915;72361;411976;206223;59475;88523;87582;28107;0,0688202955565643;-5182986;0,350887146438;0,28065497959;27195;5247;54718;59965;34704;16950;205753;-87092664;0,417728806361;0,341462378783;0,175643726819;89311;0,189786252533;71722,5515670212;231484;0,309838051731529;0,128329754854;0,132633367151;12919636;221000;0;2;3;3;2,6;Mixed;"Microsoft 2023 Annual Report; Subject: Focusing on our short- and long-term opportunity";"https://www.microsoft.com/investor/reports/ar23/index.html https://blogs.microsoft.com/blog/2023/01/18/subject-focusing-on-our-short-and-long-term-opportunity/""";"The number of employees remained flat at 221,000 at the end of the year. Microsoft announced in January 2023 that it would reduce 10,000 positions by the end of Q3 FY23, but that hiring would continue in strategic areas. Employee Signals/Daily Signals, wellbeing support, Viva Learning, and the AI ??Skills Initiative increased AI workforce alignment; however, the restructuring lowered stability and trust scores. ";High
Microsoft;MSFT;AI Cloud / Platform;FY2024;2024;2024-06-30;245122;88136;512163;268477;74071;109433;118548;44477;0,156699620130713;218004176;0,328281379782;0,302180138869;29510;8942;58185;67127;18315;19651;243686;24541404;0,446442995732;0,35955972944;0,172085839859;107711;0,182441904726;89467,8350401196;317289;0,281975848643097;0,120389030768;0,181448421602;243186496;228000;0,0316742081447964;4;4;4;4;Mixed;"Microsoft 2024 Annual Report; Microsoft 2024 Responsible AI Transparency Report";"https://www.microsoft.com/investor/reports/ar24/index.html https://cdn-dynmedia-1.microsoft.com/is/content/microsoftcorp/microsoft/msc/documents/presentations/CSR/Responsible-AI-Transparency-Report-2024.pdf""";"The number of employees has increased to 228,000. The Annual Report emphasizes continuous learning, skilling opportunities, wellbeing, hybrid work, and employee listening systems. The 2024 Responsible AI Transparency Report indicates that 99% of employees have completed the Responsible AI module, 30,000+ employees have been reached through AI/ML community events, and in-depth training has been provided for 140+ Responsible AI Champions. ";High
Microsoft;MSFT;AI Cloud / Platform;FY2025;2025;2025-06-30;281724;101832;619003;343479;71611;128528;136162;64551;0,149321562324067;155396208;0,296472273414;0,254188496542;32488;2999;57589;60588;30242;21795;275524;-33211378;0,456219562408;0,361460152489;0,164509703507;123600;0,176334951456;105864,021359263;373825;0,283191389979973;0,115318538711;0,229128508753;208605456;228000;0;3;5;3;3,5;Mixed;"Microsoft 2025 Annual Report; Microsoft 2025 Responsible AI Transparency Report; Reuters on Microsoft workforce cuts";"https://www.microsoft.com/investor/reports/ar25/index.html https://cdn-dynmedia-1.microsoft.com/is/content/microsoftcorp/microsoft/msc/documents/presentations/CSR/Responsible-AI-Transparency-Report-2025.pdf https://www.reuters.com/business/world-at-work/microsoft-lay-off-3-workforce-cnbc-reports-2025-05-13/ https://www.reuters.com/business/world-at-work/microsoft-planning-thousands-job-cuts-aimed-salespeople-bloomberg-news-reports-2025-06-18/""";"The number of employees remained flat at 228,000. The 2025 Responsible AI Transparency Report shows that all employees received Responsible AI and Broader AI training at different technical levels, with 99% Trust Code completion, 6,798 AI learning sessions, and 738 AI-focused hackathon projects. Stability and trust scores were given a cautious approach due to Reuters' May-June 2025 outage/simplification news. ";Medium
NVIDIA;NVDA;AI Infrastructure;FY2019;2018;2019-01-26;11716;4141;13292;9342;3143;3804;3743;600;NULL;NULL;0,443266966388;0,268265619665;2376;0;1988;1988;782;-245;3950;NULL;0,324684192557;0,353448275862;0,311540776406;3886;-0,063046834791;4043,83015954496;10548;0,383374114480941;0,202799590303;0,051212017753;NULL;11528;NULL;5;3;5;4,5;SEC 10-K;"NVIDIA FY2018 Form 10-K; NVIDIA FY2018 CSR Report";https://www.sec.gov/Archives/edgar/data/1045810/000104581018000010/nvda-2018x10k.htm https://images.nvidia.com/aem-dam/en-zz/Solutions/documents/FY2018-NVIDIA-CSR-Social-Responsibility.pdf;Baseline year. NVIDIA disclosed 11528 employees at year-end. Official FY2018 CSR materials showed declining turnover, expanded parental benefits, formal learning support, and employee access to Deep Learning Institute AI courses. This supports strong stability and trust with moderate AI-related workforce adaptation evidence, not a company-wide AI upskilling program.;Medium
NVIDIA;NVDA;AI Infrastructure;FY2020;2019;2020-01-26;10918;2796;17315;12204;4272;2846;4761;489;-0,0681119836121543;-324800768;0,229105211406;0,391280454295;2829;91;2552;2643;10896;174;5111;359210944;0,260670452463;0,256090859131;0,161478486861;2970;0,058585858585;2679,26464646709;3951;0,678123170454844;0,25911339073;0,044788422788;302663264;13277;0,151717557251908;5;3;5;4,5;SEC 10-K;"NVIDIA FY2019 Form 10-K; NVIDIA FY2019 CSR Report";https://www.sec.gov/Archives/edgar/data/1045810/000104581019000023/nvda-2019x10k.htm https://images.nvidia.com/aem-dam/en-zz/Solutions/documents/FY2019-NVIDIA-CSR-Social-Responsibility.pdf;Headcount increased from 11528 to 13277. NVIDIA's FY2019 CSR report showed low turnover relative to the semiconductor industry, broad technical/professional learning via NVLearn, tuition support, and Deep Learning Institute AI courses. This indicates stable growth, strong employee investment, and moderate AI capability-building evidence.;Medium
NVIDIA;NVDA;AI Infrastructure;FY2021;2020;2021-01-26;16675;4332;28791;16893;4694;4532;5822;1128;0,527294376259388;549356224;0,256437577694;0,281499250374;3924;999;6598;7597;847;77;11898;98782768;0,271784107946;0,259790104947;0,150463686568;4409;0,017464277613;4452,85189385788;23643;0,18833700858004;0,23532233883;0,067646176911;662777920;13775;0,0375084732996912;4;3;4;3,75;SEC 10-K;"NVIDIA FY2020 Form 10-K; NVIDIA FY2020 CSR Report";https://www.sec.gov/Archives/edgar/data/1045810/000104581020000010/nvda-2020x10k.htm https://www.nvidia.com/content/dam/en-zz/Solutions/documents/FY2020-NVIDIA-CSR-Social-Responsibility.pdf;Headcount increased modestly from 13277 to 13775. NVIDIA disclosed no major restructuring or layoffs in the filing, while CSR materials described learning and development, technical/professional courses, and career services. Workforce conditions were stable but growth was slower than surrounding years, so trust and stability are scored below the strongest years.;Medium
NVIDIA;NVDA;AI Infrastructure;FY2022;2021;2022-01-26;26914;9752;44187;26612;8132;10041;9108;976;0,614032983508246;1251154176;0,366451225011;0,302147581184;5268;144;11687;11831;1990;189;17575;732424384;0,373077208887;0,362339302964;0,220698395455;9941;0,019012171813;9850,09878282567;36453;0,270213666442424;0,195734561938;0,036263654603;534750432;18975;0,377495462794918;5;3;5;4,5;SEC 10-K;"NVIDIA FY2021 Form 10-K; NVIDIA FY2021 CSR Report";https://www.sec.gov/Archives/edgar/data/1045810/000104581021000010/nvda-20210131.htm https://images.nvidia.com/aem-dam/Solutions/documents/FY2021-NVIDIA-CSR-Social-Responsibility.pdf;Headcount rose sharply from 13775 to 18975. The 10-K introduced fuller human-capital disclosure: high demand for talent in AI and deep learning, equity and flexible time off, mental-health resources, and COVID-19 employee/contractor support. Workforce stability and trust remained strong, while AI adaptation evidence was centered on recruiting and technical learning rather than formal company-wide retraining.;High
NVIDIA;NVDA;AI Infrastructure;FY2023;2022;2023-01-26;26974;4368;41182;22101;3808;4224;5641;1833;0,00222932302890689;-552091904;0,197638115922;0,141172981389;7339;1426;10605;12031;3389;-187;19081;-531726528;0,15659523986;0,161933713946;0,106065756884;4184;-0,044694072657;4412,78776290317;30743;0,143537968412424;0,27207681471;0,067954326388;-68006424;22473;0,184347826086957;5;3;5;4,5;SEC 10-K;"NVIDIA FY2022 Form 10-K; NVIDIA FY2022 Corporate Responsibility Report";https://www.sec.gov/Archives/edgar/data/1045810/000104581022000036/nvda-20220130.htm https://images.nvidia.com/aem-dam/en-zz/Solutions/csr/FY2022-NVIDIA-Corporate-Responsibility.pdf;Headcount increased from 18975 to 22473. NVIDIA disclosed strong hiring into AI and deep-learning markets, tuition reimbursement, advanced certifications, career coaching, pulse surveys, and an anonymous suggestion platform. Official CR reporting also described employee support in response to the Ukraine war. Evidence supports strong stability and trust, with moderate AI workforce adaptation.;High
NVIDIA;NVDA;AI Infrastructure;FY2024;2023;2024-01-26;60922;29760;65728;42978;27021;32972;28090;1069;1,25854526581152;5813186560;0,692447298617;0,443534355405;8675;1478;9578;11056;7280;4058;22750;609585088;0,541216637667;0,48849348347;0,452775073028;33818;0,119995268791;29015,5159974231;46754;0,620599649172758;0,142395193854;0,017547027346;596037120;26196;0,165665465224937;4;4;4;4;SEC 10-K;"NVIDIA FY2023 Form 10-K; NVIDIA FY2023 Corporate Responsibility Report";https://www.sec.gov/Archives/edgar/data/1045810/000104581023000017/nvda-20230129.htm https://images.nvidia.com/aem-dam/Solutions/documents/FY2023-NVIDIA-Corporate-Responsibility-Report-1.pdf;Headcount increased from 22473 to 26196, but NVIDIA disclosed that it slowed hiring earlier in FY2023 to focus on current employees and manage costs. Workforce quality indicators remained strong: high technical employee mix, learning hours, Pathway to AI for women engineers, and internal Trustworthy AI training. This yields mixed-but-positive stability and strong AI adaptation evidence.;High
NVIDIA;NVDA;AI Infrastructure;FY2025;2024;2025-01-26;130497;72880;111601;79327;60853;81453;64089;3236;1,14203407635994;1448924672;0,918728806081;0,466317233346;12914;288;9982;10270;8589;11146;32274;125206320;0,624175268396;0,558480271577;0,653040743362;84026;0,132649418037;70648,3069526322;81008;0,872115185569724;0,098960129351;0,024797504923;697921728;29600;0,129943502824859;5;4;5;4,75;SEC 10-K;"NVIDIA FY2024 Form 10-K; NVIDIA FY2024 Sustainability Report";https://www.sec.gov/Archives/edgar/data/1045810/000104581024000029/nvda-20240128.htm https://images.nvidia.com/aem-dam/Solutions/documents/FY2024-NVIDIA-Corporate-Sustainability-Report.pdf;"Headcount increased from 26196 to 29600. NVIDIA reported that most employees were technical and nearly half held advanced degrees; official sustainability reporting added extensive learning hours, career coaching, mentoring, Careers Week, and low turnover. No major workforce disruption was disclosed, supporting very strong workforce stability and trust plus strong AI-related technical talent development.";High
NVIDIA;NVDA;AI Infrastructure;FY2026;2025;2026-01-26;215938;120067;206803;157293;96676;130387;102718;6042;0,654735357900948;647461568;0,763333396908;0,447702581296;18497;999;10041;11040;10605;21383;49510;58868092;0,603816836314;0,556025340607;0,58058635513;141450;0,151170024743;110676,393983834;157728;0,701691481435347;0,08565884652;0,027980253591;853056896;36000;0,216216216216216;5;5;5;5;SEC 10-K;"NVIDIA FY2025 Form 10-K; NVIDIA FY2025 Sustainability Report";https://www.sec.gov/Archives/edgar/data/1045810/000104581025000023/nvda-20250126.htm https://images.nvidia.com/aem-dam/Solutions/documents/NVIDIA-Sustainability-Report-Fiscal-Year-2025.pdf;"Headcount increased from 29600 to 36000. NVIDIA reported 82% technical employees and 51% with advanced degrees; FY2025 sustainability materials added high learning hours per employee, mentorship participation, low turnover, long-tenure evidence, and Trustworthy AI training opportunities including webinars and task forces. No layoff program or major disruption was disclosed, supporting top scores.";High
PepsiCo;PEP;Control Group;FY2018;2018;2018-12-29;64661;12559;77648;14602;6133;10110;9415;3282;NULL;NULL;0,860087659224;0,094848517653;680;4026;28295;32321;8721;-3370;63046;NULL;0,156353907301;0,194228360217;0,161742736451;10110;-0,333333333333;13479,9999999966;38202;0,352861106748249;0,010516385456;0,0507570251;NULL;267000;NULL;5;2;4;3,9;Annual Report;PepsiCo 2018 Annual Report;https://www.pepsico.com/docs/pepsico-5v9wci20/media/Files/investors/2018-annual-report.pdf;"Employee count was reported as approximately 267000 worldwide in FY2018. Workforce was stable versus the prior year based on official disclosure, with no major disruption disclosed. AI/digital workforce adaptation evidence was limited; employee relationship evidence included general safety, wellbeing, and human capital commitments.";High
PepsiCo;PEP;Control Group;FY2019;2019;2019-12-28;67161;7353;78547;14868;5417;10291;9649;4232;0,0386631818252115;-414523456;0,494552058111;0,080656928872;711;3362;29148;32510;5509;1959;63679;-116745472;0,153228808385;0,109483182203;0,093612741415;8909;0,219889998877;8028,11202155679;41869;0,191743581684702;0,010586501094;0,063012760381;1157789;267000;0;4;2;3;3,15;Annual Report;PepsiCo 2019 Annual Report;https://www.pepsico.com/docs/pepsico-5v9wci20/media/Files/investors/pepsico-inc-2019-annual-report.pdf;"Employee count remained approximately 267000 worldwide. Workforce stability was mostly stable, but the 2019 productivity plan and cost-efficiency focus introduced moderate organizational pressure. AI/digital workforce adaptation evidence remained limited; employee trust score is conservative because productivity programs may affect roles.";High
PepsiCo;PEP;Control Group;FY2020;2020;2020-12-26;70372;7175;92918;13552;6373;10080;10613;4240;0,0478104852518575;-24207806;0,52944214876;0,090561586994;719;4240;40370;44610;8185;1894;79366;176481440;0,143238788154;0,101958165179;0,077218622871;8185;0,231398900427;7747,49908369584;49977;0,155021291467992;0,010217131813;0,060251236287;18296052;291000;0,0898876404494382;5;2;4;3,9;Annual Report;PepsiCo 2020 Annual Report;https://www.pepsico.com/docs/pepsico-5v9wci20/media/Files/investors/2020-Annual-Report.pdf;Employee count increased to approximately 291000 worldwide, indicating expansion and strong stability. Workforce disruption was not the dominant signal despite pandemic operating pressure. AI/digital adaptation evidence was limited to broader digital and operational capability, while employee support and safety remained important in the human capital narrative.;High
PepsiCo;PEP;Control Group;FY2021;2021;2021-12-25;79474;7679;92311;16151;6991;11162;11616;4625;0,129341215256068;70243904;0,475450436505;0,087965875632;752;4754;36026;40780;5596;2142;76160;96971600;0,140448448549;0,096622794876;0,083186185828;9774;0,219152854511;8715,81583794822;51335;0,169783107781206;0,009462214057;0,058195132999;-6532642;309000;0,0618556701030928;5;2;4;3,9;Annual Report;PepsiCo 2021 Annual Report;https://www.pepsico.com/docs/pepsico-5v9wci20/media/Files/investors/2021-annual-report.pdf;Employee count increased to approximately 309000 worldwide. Continued headcount growth supports a strong workforce stability score. Digital and supply chain technology references existed but formal workforce-level AI training evidence was limited. Employee development, safety, and culture evidence supported a generally positive social contract score.;High
PepsiCo;PEP;Control Group;FY2022;2022;2022-12-31;86392;8978;92187;17273;5604;11512;10811;5207;0,0870473362357501;169162656;0,519770740461;0,064867117325;771;3897;35657;39554;4954;1727;74914;-19839794;0,133253078988;0,103921659412;0,097389002787;10604;0,162863070539;9637,12033195503;51873;0,185782976345209;0,008924437447;0,060271784424;-1343285;315000;0,0194174757281553;4;3;4;3,75;Annual Report;PepsiCo 2022 Annual Report;https://www.pepsico.com/docs/pepsico-5v9wci20/media/Files/investors/2022-PepsiCo-Annual-Report.pdf;Employee count increased to approximately 315000 worldwide, but growth slowed. Workforce was mostly stable while the productivity plan and automation/digital initiatives created some operational pressure. AI/digital workforce adaptation score is moderate because evidence points to digital, analytics, and automation capability building rather than formal AI retraining.;High
PepsiCo;PEP;Control Group;FY2023;2023;2023-12-30;91471;9155;100495;18637;7924;11986;13442;5518;0,0587901657560885;19714860;0,491227128829;0,086628548939;804;7066;37595;44661;9711;2262;81858;413990016;0,131036066075;0,10008636617;0,091099059654;11462;0,197347757808;9620,58977491331;53587;0,179532158450992;0,008789671043;0,060325130369;90121168;318000;0,00952380952380952;4;3;4;3,75;Annual Report;PepsiCo 2023 Annual Report;https://www.pepsico.com/docs/pepsico-5v9wci20/media/Files/investors/2023-pepsico-annual-report.pdf;Employee count increased slightly to approximately 318000 worldwide, showing stable but slower workforce growth. The company discussed automation of data and digital infrastructure and expanded digital programs, supporting moderate workforce adaptation evidence. Employee development and culture programs supported a generally positive trust score.;High
PepsiCo;PEP;Control Group;FY2024;2024;2024-12-28;91854;9626;99497;18171;7189;12887;12507;5318;0,00418711941489652;51447296;0,529745198393;0,078265508306;813;7724;37224;44948;8505;2320;81326;-92756184;0,140298734948;0,104796742656;0,096746635576;11678;0,198664154821;10326,8150368218;54614;0,189087322606324;0,008851002678;0,05789622662;-9930842;319000;0,00314465408805031;4;3;4;3,75;Annual Report;PepsiCo 2024 Annual Report;https://www.pepsico.com/docs/pepsico-5v9wci20/media/Files/investors/2024-pepsico-annual-report-01.pdf;Employee count increased slightly to approximately 319000 worldwide, indicating a stable but nearly flat workforce. Official disclosure highlighted employee development through leadership and professional skill programs, mentoring, in-house learning opportunities, and PEP U Degreed. Digital/automation adaptation remained moderate, not AI-core.;High
PepsiCo;PEP;Control Group;FY2025;2025;2025-12-27;93925;8295;107399;20547;7672;11498;12087;4415;0,0225466501186666;-138271344;0,403708570594;0,081682193239;839;7580;42321;49901;9159;1949;86852;67185976;0,122416821932;0,088315145062;0,077235356008;12053;0,16170248071;9638,74487679642;61289;0,157267125859394;0,008932659036;0,047005589566;7941948;306000;-0,0407523510971787;3;3;3;3;SEC 10-K;PepsiCo 2025 Form 10-K;https://investors.pepsico.com/docs/pepsico-5v9wci20/media/Files/investors/q4-2025-form-10k.pdf;Employee count declined to approximately 306000 worldwide, indicating a negative workforce shift after several years of stability. Workforce stability and employee trust scores are reduced due to headcount decline and efficiency/productivity pressure. Digital, automation, and learning evidence remains moderate, but the social contract signal is mixed.;Medium
Procter & Gamble;PG;Control Group;FY2018;2018;2018-06-30;66832;9861;118310;52883;11150;13363;14867;3717;NULL;NULL;0,186468241211;0,166836246109;1874;10423;20863;31286;2569;3465;65427;NULL;0,199949126167;0,147549078285;0,083348829346;11815;0,29327126534;9444,01608126158;81600;0,115735491191931;0,02804045966;0,055617069667;NULL;92000;NULL;4;1;4;3,25;Annual Report;Procter & Gamble FY2018 Annual Report;https://www.annualreports.com/HostedData/AnnualReportArchive/NYSE_PG_2018.pdf;P&G disclosed 92000 employees worldwide for FY2018. Workforce was lower than the prior portfolio-transformation period but generally stable in the dataset baseline. Evidence supports general employee development and culture programs, with limited workforce-level AI/digital adaptation evidence.;High
Procter & Gamble;PG;Control Group;FY2019;2019;2019-06-30;67684;3966;115095;47579;11895;5487;15242;3347;0,012748384007661;-597809536;0,083356102482;0,175743159387;1879;9697;20395;30092;4239;2103;67516;66816144;0,081067903788;0,058595827669;0,034458490811;12595;0,166971020246;4570,8300119102;73432;0,0622457513333451;0,027761361621;0,049450387092;-27174372;97000;0,0543478260869565;5;1;4;3,65;Annual Report;Procter & Gamble FY2019 Annual Report;https://www.annualreports.com/HostedData/AnnualReportArchive/NYSE_PG_2019.pdf;"Employee count increased to 97000. Workforce trend was positive and no major disruption is disclosed in the annual report. Digital/analytics adaptation evidence is limited and mostly indirect; employee trust score reflects stable employment plus culture, citizenship, inclusion, and development evidence.";High
Procter & Gamble;PG;Control Group;FY2020;2020;2020-06-30;70950;13103;120700;46878;14330;15706;17403;3073;0,0482536493115064;2303832576;0,279512777848;0,201973220577;1834;11422;24189;35611;16181;2731;73822;20470786;0,221367159971;0,184679351656;0,108558409279;15891;0,171858284563;13006,7937826535;66308;0,196157232651468;0,02584918957;0,043312191684;48698900;99000;0,0206185567010309;5;1;4;3,65;Annual Report;Procter & Gamble FY2020 Annual Report;https://www.annualreports.com/HostedData/AnnualReportArchive/NYSE_PG_2020.pdf;"Employee count increased to 99000. Workforce remained stable through pandemic-era operations. P&G disclosed employee and community support themes, but formal AI or digital reskilling evidence is limited; digital score remains conservative.";High
Procter & Gamble;PG;Control Group;FY2021;2021;2021-06-30;76118;14352;119307;46654;15584;17986;18371;2787;0,0728400281888654;95321680;0,307626355725;0,204734753934;1602;9108;23730;32838;10288;3263;72653;87508720;0,236291021834;0,188549357576;0,120294701903;18001;0,181267707349;14725,7190156209;69204;0,212787107907359;0,021046270264;0,036614204261;-11541011;101000;0,0202020202020202;5;2;4;3,9;Annual Report;Procter & Gamble FY2021 Annual Report;https://www.annualreports.com/HostedData/AnnualReportArchive/NYSE_PG_2021.pdf;"Employee count increased to 101000. Workforce remained stable and expanding. Official reporting emphasizes people, culture, equality, safety, and development; digital transformation is present in business operations but workforce-level AI training evidence is limited.";High
Procter & Gamble;PG;Control Group;FY2022;2022;2022-06-30;80187;14793;117208;46854;13567;17813;16723;3156;0,053456475472293;30727424;0,315725444999;0,169192013668;1909;8850;23443;32293;7214;3202;70354;-129427616;0,222143240176;0,184481275019;0,126211521397;17983;0,178057053884;14641,2696991643;71933;0,203540373669447;0,023806851484;0,039358000673;-17593268;103000;0,0198019801980198;5;2;4;3,9;Annual Report;Procter & Gamble FY2022 Annual Report;https://www.annualreports.com/HostedData/AnnualReportArchive/NYSE_PG_2022.pdf;"Employee count increased to 103000. Workforce stability remained strong. P&G continued productivity, innovation, supply chain, and digital capability themes, but disclosed workforce-level AI/digital training evidence was limited; scoring remains conservative.";High
Procter & Gamble;PG;Control Group;FY2023;2023;2023-06-30;82006;14738;120829;47065;13786;18134;16848;3062;0,0226844750395949;-3717975;0,313141400191;0,168109650513;1833;10451;24973;35424;8246;3615;73764;1614211;0,221130161207;0,179718557178;0,121974029413;18315;0,197379197379;14554,7256347292;74243;0,196041722919726;0,022352023022;0,037338731312;30893796;107000;0,0388349514563107;5;2;4;3,9;Annual Report;Procter & Gamble FY2023 Annual Report;https://www.annualreports.com/HostedData/AnnualReportArchive/NYSE_PG_2023.pdf;"Employee count increased to 107000. Workforce growth was stronger than prior years and no major workforce disruption is disclosed. P&G reports culture, inclusion, citizenship, and development programs; AI/digital adaptation evidence remains moderate-to-limited at workforce level.";High
Procter & Gamble;PG;Control Group;FY2024;2024;2024-06-30;84039;14974;122370;50558;16524;18545;19846;3322;0,0247908689608077;16013028;0,296174690454;0,196622996465;1867;7434;25935;33369;9482;3787;71812;198607280;0,220671354966;0,178179178714;0,122366593119;19310;0,196116002071;14908,0287415933;74445;0,200255608054178;0,022215875962;0,039529266174;12753561;108000;0,00934579439252336;4;2;4;3,5;Annual Report;Procter & Gamble FY2024 Annual Report;https://www.annualreports.com/HostedData/AnnualReportArchive/NYSE_PG_2024.pdf;Employee count increased slightly to 108000. Workforce was mostly stable, though business productivity and portfolio optimization remained relevant. Digital and automation evidence is indirect and tied more to operations than formal employee AI training.;High
Procter & Gamble;PG;Control Group;FY2025;2025;2025-06-30;84284;16065;125231;52284;14044;20451;17817;3773;0,00291531312842847;72859624;0,307264172595;0,166627117839;2100;9767;25696;35463;9556;4102;72947;-150084720;0,242643918181;0,190605571638;0,128282933139;21200;0,193490566037;16493,9244339773;78191;0,210944027240697;0,024915760998;0,04476531726;23379912;109000;0,00925925925925926;3;2;3;2,75;Annual Report;Procter & Gamble FY2025 Annual Report;https://www.annualreports.com/HostedData/AnnualReportArchive/NYSE_PG_2025.pdf;"Employee count increased slightly to 109000, but FY2025 included announced restructuring/productivity actions and planned workforce reductions over the following two years. Workforce stability and trust scores are reduced for restructuring pressure; digital/AI adaptation remains conservative because workforce-level AI training evidence is limited.";Medium
Salesforce;CRM;AI Software;FY2019;2018;2019-01-31;10540;360;21984;10376;2204;454;2738;534;NULL;NULL;0,03469545104;0,209108159392;1886;3;3173;3176;2669;-127;11608;NULL;0,043074003795;0,034155597722;0,016375545851;1048;-0,121183206106;509,017175572124;10883;0,046771770244613;0,178937381404;0,050664136622;NULL;29000;NULL;5;2;4;3,9;SEC 10-K;Salesforce FY2018 Form 10-K;https://www.sec.gov/edgar/browse/?CIK=1108524&owner=exclude;"Official 10-K reports 29000 employees at fiscal year end. Workforce grew strongly with no major disruption disclosed for the year. AI workforce evidence was limited to platform/Einstein-era technical capability rather than formal AI employee training; employee relationship evidence was generally positive through growth culture and benefits disclosures.";High
Salesforce;CRM;AI Software;FY2020;2019;2020-01-31;13282;1110;30737;15605;2803;535;3398;595;0,260151802656546;2083333376;0,071131047741;0,211037494353;2766;750;5118;5868;4145;580;15132;271778592;0,040280078301;0,083571751242;0,036112828187;1351;0,429311621021;305,318282753765;17328;0,0176199378320501;0,208251769311;0,04479747026;398153216;35000;0,206896551724138;5;2;4;3,9;SEC 10-K;Salesforce FY2019 Form 10-K;https://www.sec.gov/edgar/browse/?CIK=1108524&owner=exclude;"Official 10-K reports 35000 employees. Employee count rose strongly from FY2018, supported by continued cloud platform expansion. AI adaptation evidence remained limited and mostly product/engineering related rather than broad workforce training; trust score reflects continued hiring and employee investment with no major disruption disclosed.";High
Salesforce;CRM;AI Software;FY2021;2020;2021-01-31;17098;126;55126;33885;3688;463;4331;643;0,287306128595091;-886486464;0,003718459495;0,215697742426;3598;766;5515;6281;6195;-1511;21241;315733152;0,027079190548;0,007369282957;0,002285672822;123;-12,284552845528;6150,74796747946;33971;0,181058784477333;0,210433968885;0,03760673763;793473664;49000;0,4;5;3;4;4,15;SEC 10-K;Salesforce FY2020 Form 10-K;https://www.sec.gov/edgar/browse/?CIK=1108524&owner=exclude;Official 10-K reports 49000 employees. Employee count increased sharply, partly reflecting expansion and acquisition integration such as Tableau. AI workforce adaptation score is moderate because Salesforce had Einstein, analytics, platform engineering and data-related technical capability evidence, but no clear company-wide AI reskilling disclosure. (Salesforce FY2021 ROIC is affected by an unusually large tax benefit and should be interpreted with caution.);High
Salesforce;CRM;AI Software;FY2022;2021;2022-01-31;21252;4072;66301;41493;4091;455;4801;710;0,242952392092642;3131746048;0,098137035162;0,192499529456;4465;690;13295;13985;5464;88;24808;109273320;0,02140974967;0,191605495953;0,06141687154;2586;0,034029389017;439,516627997265;50014;0,0087878719557976;0,210097873141;0,033408620365;202717408;56606;0,155224489795918;4;3;4;3,75;SEC 10-K;Salesforce FY2021 Form 10-K;https://www.sec.gov/edgar/browse/?CIK=1108524&owner=exclude;"Official 10-K reports 56606 employees. Workforce continued to grow, though pandemic-era operating changes and flexible-work transition added execution pressure. AI/digital adaptation evidence was moderate through cloud, analytics, automation and technical product development; employee trust score reflects workforce growth and flexibility/culture programs.";High
Salesforce;CRM;AI Software;FY2023;2022;2023-01-31;26492;1444;95209;58131;5283;548;6000;717;0,246565029173725;-645383104;0,024840446577;0,199418692435;5055;1772;12316;14088;7016;452;37078;291371296;0,020685489959;0,054507020987;0,015166633406;1513;0,298744216787;384,288169200724;65203;0,0058937191417683;0,1908123207;0,027064774271;436011520;73541;0,299173232519521;5;3;4;4,15;SEC 10-K;Salesforce FY2022 Form 10-K;https://www.sec.gov/edgar/browse/?CIK=1108524&owner=exclude;"Official 10-K reports 73541 employees. Growth was very strong, with Slack acquisition integration contributing to scale. AI workforce adaptation was moderate through enterprise automation, Einstein, Data/Customer 360, Slack and technical product capability; employee trust evidence remained generally positive but integration complexity increased.";High
Salesforce;CRM;AI Software;FY2024;2023;2024-01-31;31352;208;98849;58359;6313;1858;7111;798;0,183451608032614;-855955648;0,003564146061;0,201358764991;4906;1517;11071;12588;8472;814;40490;194964976;0,059262566981;0,006634345496;0,002104219567;5203;0,156448202959;1567,31923890218;62475;0,0250871426795066;0,156481245215;0,025452921663;3823168;79390;0,0795338654628031;2;3;2;2,25;SEC 10-K;Salesforce FY2023 Form 10-K;https://www.sec.gov/edgar/browse/?CIK=1108524&owner=exclude;Official 10-K reports 79390 employees, but Salesforce also announced a major restructuring and workforce reduction in January 2023 after rapid pandemic-era hiring. Workforce stability and trust scores are reduced due to restructuring pressure. AI adaptation remained moderate through enterprise AI, automation, Data Cloud and technical product development evidence.;Medium
Salesforce;CRM;AI Software;FY2025;2024;2025-01-31;34857;4136;99823;59646;9498;5999;10234;736;0,111795100791018;1888461568;0,06934245381;0,272484723298;5493;579;10813;11392;8848;1241;40177;504514496;0,172103164357;0,118656224;0,041433337006;8870;0,139909808342;5159,68105975634;62190;0,0829664103514446;0,15758671142;0,021114840634;9853413;72682;-0,0844942687995969;2;4;2;2,5;SEC 10-K;Salesforce FY2024 Form 10-K;https://www.sec.gov/edgar/browse/?CIK=1108524&owner=exclude;Official 10-K reports 72682 employees, down from FY2023 after restructuring and efficiency actions. External reporting also described renewed hiring focused on AI and data after layoffs. AI workforce adaptation score is higher because Salesforce prioritized generative AI, Data Cloud, Einstein GPT/AI Cloud and AI/data hiring, but trust remains pressured by layoffs and office/real-estate restructuring.;Medium
Salesforce;CRM;AI Software;FY2026;2025;2026-01-31;37895;6197;102928;61173;12434;7666;13092;658;0,0871560949020283;498307552;0,101302862373;0,328117165853;5993;4548;12628;17176;7327;2063;41755;309117696;0,20229581739;0,163530808813;0,060207135084;10122;0,203813475597;6103,5658960734;71022;0,0859390878329728;0,158147512864;0,017363768307;31105056;76453;0,0518835475083239;3;4;3;3,25;SEC 10-K;Salesforce FY2025 Form 10-K;https://www.sec.gov/edgar/browse/?CIK=1108524&owner=exclude;Official FY2025 disclosures show 76453 employees, a modest rebound from FY2024. Salesforce launched Agentforce and continued Data Cloud/generative AI prioritization, indicating stronger AI workforce adaptation through product engineering and AI go-to-market focus. Stability remains mixed because external reporting around early 2025 described additional job cuts while hiring for AI products.;Medium
Tesla;TSLA;AI High Exposure;FY2018;2018;2018-12-31;21461;-1063;29740;6313;-221;-388;2098;2319;NULL;NULL;-0,16838270236;-0,010297749405;1460;2712;11116;13828;3686;58;23427;NULL;-0,018079306649;-0,04953170868;-0,035743106926;-1005;-0,057711442786;-410,392039800968;16455;-0,0249402637375246;0,06803038069;0,108056474535;NULL;48817;NULL;2;1;3;2,1;Mixed;Tesla 2018 Form 10-K;https://www.sec.gov/Archives/edgar/data/1318605/000156459019003165/tsla-10k_20181231.htm;Year-end full-time employees were 48,817. Workforce stability is scored low because Reuters reported Tesla announced a company-wide reduction of about 9% in June 2018, even though year-end headcount still exceeded 2017. Employee trust is mixed rather than purely negative because Tesla’s 10-K said employee relations were good, and Tesla’s 2019 Impact Report said 83% of January 2018 survey respondents agreed Tesla cares about their safety and well-being. AI workforce adaptation remains low because the 2018 10-K described in-house self-driving software development, but no formal AI training or broad workforce adaptation program was disclosed. 1;Medium
Tesla;TSLA;AI High Exposure;FY2019;2019;2019-12-31;24578;-775;34309;8110;968;-69;2405;1437;0,145240203159219;NULL;-0,095561035758;0,039384815688;1343;2013;12590;14603;6268;110;26199;-5380090368;-0,002807388721;-0,031532264626;-0,022588825089;-665;-0,165413533834;-80,413533834546;16445;-0,0048898469951076;0,054642363088;0,058466921637;153631472;48016;-0,0164082184484913;2;1;2;1,75;Mixed;Tesla 2019 Form 10-K;https://www.sec.gov/Archives/edgar/data/1318605/000156459020004475/tsla-10k_20191231.htm;Year-end full-time employees were 48,016, down slightly from 2018. Stability and trust scores remain pressured because Reuters reported Tesla announced another ~7% workforce cut in January 2019, while the 10-K still said employee relations were good. AI workforce adaptation remains low because Tesla disclosed self-driving technology expertise and hardware deployment, but not formal AI workforce training or company-wide reskilling evidence. 2;Medium
Tesla;TSLA;AI High Exposure;FY2020;2020;2020-12-31;31536;862;52148;23679;2701;1994;5943;3242;0,28309870615998;NULL;0,036403564339;0,085648148148;1491;2418;10861;13279;19384;292;28469;1790289280;0,063229325215;0,02733384069;0,016529876505;1152;0,253472222222;1488,57638888933;17574;0,0847033338391562;0,047279299847;0,102803145611;519951040;70757;0,473612962345885;4;1;3;2,9;Mixed;Tesla 2020 Form 10-K;https://www.sec.gov/Archives/edgar/data/1318605/000156459021004599/tsla-10k_20201231.htm;"Year-end full-time employees rose to 70,757, showing strong expansion despite pandemic disruption. Stability is scored relatively high because headcount grew sharply and Tesla said it had not experienced work stoppages and considered employee relations good; trust is moderated because Tesla also disclosed a temporary company-wide salaried pay reduction in 2020, while its Return to Work Playbook emphasized mandatory safety training before returning onsite. AI workforce adaptation stays low because Tesla highlighted internal skill development for critical operations and ongoing FSD development, but it still did not disclose a formal AI-specific workforce training program. 3";Medium
Tesla;TSLA;AI High Exposure;FY2021;2021;2021-12-31;53823;5644;62131;31583;3483;6523;11467;7984;0,706716133942161;5547564032;0,17870373302;0,064712111922;2593;1957;6916;8873;17576;699;30548;289522400;0,121193541794;0,104862233617;0,090840321256;6343;0,110200220715;5804,16396027606;22880;0,25367849476731;0,04817643015;0,148338071084;191435920;99290;0,403253388357336;5;1;4;3,65;Mixed;Tesla 2021 Form 10-K;https://www.sec.gov/Archives/edgar/data/1318605/000095017022000796/tsla-20211231.htm;"Year-end full-time employees rose to 99,290, another year of very strong growth. Stability is scored highest because Tesla reported no work stoppages and said employee relations were good; trust is positive because Tesla disclosed annual workplace-conduct training and refreshed reporting channels for employee concerns. AI workforce adaptation remains low because Tesla disclosed expertise in self-driving systems, but did not disclose formal AI workforce upskilling or company-wide AI learning programs. 4";Medium
Tesla;TSLA;AI High Exposure;FY2022;2022;2022-12-31;81462;12587;82338;45898;7552;13656;14724;7172;0,513516526392063;1230155904;0,274238528911;0,092705801477;3075;1987;3761;5748;16253;1132;36440;1168245760;0,167636443986;0,154513761017;0,15286987782;13719;0,082513302718;12529,198338083;35393;0,354002156869522;0,037747661486;0,088041049814;325232160;127855;0,287692617584852;3;2;3;2,75;Mixed;Tesla 2022 Form 10-K;https://www.sec.gov/Archives/edgar/data/1318605/000095017023001409/tsla-20221231.htm;Year-end full-time employees rose to 127,855, a disclosed year-over-year increase of roughly 29,000. Scores are mixed because Tesla also disclosed employee termination-related expenses in 2022, while Reuters reported Musk told executives Tesla would reduce salaried headcount by about 10% even as hourly headcount would increase. AI workforce adaptation is only moderate because Tesla disclosed technical workforce-development activity such as Tesla START partnerships and more than 200 graduates in 2022, but still did not disclose a broad AI-specific employee training program. Trust is therefore mixed: growth and technical development were real, but restructuring pressure was also real. 5;Medium
Tesla;TSLA;AI High Exposure;FY2023;2023;2023-12-31;96773;14974;106618;63609;4357;8891;13256;8899;0,187952665046279;189640112;0,235406939269;0,045022888615;3969;3045;6528;9573;16398;-5001;43009;-423066752;0,091874799789;0,154733241709;0,14044532818;9973;-0,501453925599;13349,4268525007;56784;0,235091343556296;0,041013505833;0,091957467475;294882080;140473;0,0986899221774667;4;3;4;3,75;Mixed;Tesla 2023 Form 10-K;https://www.sec.gov/Archives/edgar/data/1318605/000162828024002390/tsla-20231231.htm;"Year-end employee headcount worldwide rose to 140,473. Workforce stability and trust score relatively well because Tesla described substantial workforce investment, strong benefits, internal promotion pathways, leader development, and a large global training pipeline, including over 1,900 technician trainees, over 350 START hires, and more than 6,000 interns; however, growth slowed materially versus 2020–2022, so stability is not scored at the maximum. AI workforce adaptation is moderate rather than high because Tesla disclosed technical capability building, including a controls-engineering development program for high-demand manufacturing technologies, but did not yet disclose formal company-wide AI learning at the scale seen later. 6";High
Tesla;TSLA;AI High Exposure;FY2024;2024;2024-12-31;97690;7153;122070;73680;3581;7076;14923;11342;0,00947578353466359;-522305344;0,097081976112;0,036656771419;4540;3263;10360;13623;16139;1837;48390;-1781042;0,072433207083;0,073221414679;0,058597526009;8990;0,204338153503;5630,10322581277;71164;0,0791144852146137;0,046473538745;0,116101955164;144928624;125665;-0,105415275533377;2;4;2;2,5;Mixed;Tesla 2024 Form 10-K;https://www.sec.gov/Archives/edgar/data/1318605/000162828025003063/tsla-20241231.htm;Year-end employee headcount worldwide fell to 125,665. Stability and trust are scored low because Tesla disclosed restructuring actions in Q2 2024 with $583 million of employee termination expenses, and Tesla’s April 2024 announcement/letter said the company-wide restructuring reduced headcount by more than 10% globally. AI workforce adaptation, however, scores high because Tesla simultaneously disclosed large-scale capability building: over 13,000 career advancements, expanded manufacturing and engineering development programs, and an Education Assistance Program supporting 5,436 active learners and 1,338 graduates in fields including manufacturing, engineering, artificial intelligence, supply chain management, and leadership. This is the clearest year in the series where AI-related capability building intensified while the social contract weakened on stability and trust. 7;High
Tesla;TSLA;AI High Exposure;FY2025;2025;2025-12-31;94827;3855;137806;82865;6220;4355;14747;8527;-0,0293069915037363;-461065280;0,046521450552;0,065593132757;6411;2594;12125;14719;16513;1423;54941;736944960;0,04592573845;0,040652978582;0,027974108529;5278;0,269609700644;3180,84975369538;81071;0,0392353585584904;0,067607327027;0,089921646788;128909640;134785;0,0725739068157403;4;5;4;4,25;Mixed;Tesla 2025 Form 10-K;https://www.sec.gov/Archives/edgar/data/1318605/000162828026003952/tsla-20251231.htm;"Year-end employee headcount worldwide rebounded to 134,785. Stability improves because Tesla returned to net hiring growth and the 2025 10-K did not disclose a new major restructuring wave; trust also improves because Tesla disclosed broad benefits, 29,000 employee career advancements, 69% of managers promoted internally, and Pulse survey participation of 86% globally. AI workforce adaptation scores at the top of the scale because Tesla reported educational assistance for approximately 7,000 learners in fields including engineering and AI, alongside START, apprenticeship, manufacturing, engineering, and regional development pathways across Shanghai/APAC, Berlin/EMEA, and broader Tesla operations. 8";High
TSMC;TSM;AI Infrastructure;FY2018;2018;2018-12-31;33750;12040;74830;53050;8090;12530;18520;10430;NULL;NULL;0,226955702167;0,239703703703;2849;2415;1887;4302;19167;1111;21780;NULL;0,371259259259;0,35674074074;0,160898035547;12730;0,087274155538;11436,4548311089;38185;0,299501239520986;0,084414814814;0,309037037037;NULL;48752;NULL;5;3;4;4,15;Annual Report;TSMC 2018 Annual Report;https://investor.tsmc.com/static/annualReports/2018/english/pdf/2018_tsmc_ar_e_ch5.pdf;"Employee count was 48752 at end-2018. Workforce grew modestly; no layoffs or disruption noted. TSMC emphasized employee development, training, and career development. AI infrastructure adaptation score is moderate because evidence relates to technical training and advanced manufacturing rather than explicit AI workforce training.";High
TSMC;TSM;AI Infrastructure;FY2019;2019;2019-12-31;34630;11180;86420;57260;2000;12460;16900;14900;0,0260740740740741;-71428568;0,195249738037;0,057753393011;2957;2420;1372;3792;14733;1136;29160;-752781184;0,359803638463;0,322841466936;0,129368201805;12316;0,092237739525;11310,7177655185;46319;0,24419175209997;0,085388391568;0,430262777938;154884400;51297;0,0522029865441418;5;3;4;4,15;Annual Report;TSMC 2019 Annual Report;https://investor.tsmc.com/static/annualReports/2019/english/pdf/2019_tsmc_ar_e_ch5.pdf;Employee count rose to 51297. Workforce remained stable and growing with continued hiring and training of engineers. No major restructuring disclosed. Technical capability-building supported advanced semiconductor operations, but explicit AI-specific workforce training evidence was limited.;High
TSMC;TSM;AI Infrastructure;FY2020;2020;2020-12-31;45690;17600;110150;65450;10780;20190;28020;17240;0,319376263355472;574239744;0,268907563025;0,235937841978;3651;4074;11354;15428;22342;2541;44700;439;0,441891004596;0,385204639964;0,159782115297;20141;0,126160567995;17642,8181321809;58536;0,301401157102995;0,079908076165;0,377325454147;274589216;56831;0,107881552527438;5;3;4;4,15;Annual Report;TSMC 2020 Annual Report;https://investor.tsmc.com/static/annualReports/2020/english/ebook/files/basic-html/page95.html;"Employee count increased to 56831 despite COVID-19. Workforce stability remained strong and no layoffs were disclosed. Employee development and training continued, supporting advanced manufacturing capability; AI infrastructure adaptation remained moderate due to limited formal AI-training disclosure.";High
TSMC;TSM;AI Infrastructure;FY2021;2021;2021-12-31;57230;21350;134290;78200;10040;23430;40080;30040;0,252571678704312;213068176;0,273017902813;0,17543246549;4450;3183;25093;28276;38005;2491;56090;-6864564;0,409400663987;0,373056089463;0,158984287735;23851;0,104440065406;20982,9692675374;68471;0,306450457383964;0,077756421457;0,524899528219;219155696;65152;0,146416568422164;5;3;4;4,15;Annual Report;TSMC 2021 Annual Report;https://investor.tsmc.com/static/annualReports/2021/english/pdf/2021_tsmc_ar_e_ch5.pdf;Employee count reached 65152, reflecting strong hiring for new fabs, process technology, and manufacturing expansion. Workforce stability remained high. TSMC maintained robust training and employee development programs, supporting technical talent development.;High
TSMC;TSM;AI Infrastructure;FY2022;2022;2022-12-31;73670;32310;161550;94950;16120;36490;52410;36290;0,287261925563516;513348960;0,340284360189;0,218813628342;5426;1523;28577;30100;45077;4997;66600;605577664;0,495316953983;0,438577439934;0,2;38367;0,130242135168;31737,4644877197;79973;0,396852243728754;0,073652775892;0,492602144699;202993520;73090;0,121838163064833;5;3;4;4,15;Annual Report;TSMC 2022 Annual Report;https://investor.tsmc.com/static/annualReports/2022/english/ebook/files/basic-html/page113.html;Workforce reached 73090. Growth reflected advanced fab expansion and technology ramp, including advanced nodes. No major workforce reduction was disclosed. Technical training, smart manufacturing, and apprenticeship-style development support moderate AI infrastructure workforce adaptation.;High
TSMC;TSM;AI Infrastructure;FY2023;2023;2023-12-31;70800;27820;180670;112800;10110;30090;40560;30450;-0,0389575132346953;-138966272;0,246631205673;0,142796610169;5847;0;28376;28376;47343;4114;67870;-372828800;0,425;0,392937853107;0,153982398848;31314;0,131378935939;26136,8078175955;93833;0,278546010652921;0,082584745762;0,430084745762;118353448;76478;0,0463538103707758;5;3;3;3,8;Mixed;"TSMC 2023 Annual Report; Fortune on Arizona labor shortage";https://investor.tsmc.com/static/annualReports/2023/english/pdf/2023_tsmc_ar_e_ch5.pdf;"Employee count grew to 76478, but growth slowed. Workforce was stable overall, while Arizona fab expansion encountered skilled-labor shortages and training needs; reports also noted intense work-culture pressure. Trust score is lower because overseas expansion created labor and culture stress despite continued employment growth.";High
TSMC;TSM;AI Infrastructure;FY2024;2024;2024-12-31;88270;35330;204080;142100;26560;40320;55460;28900;0,246751412429379;269949664;0,248627726952;0,300894981307;6164;0;28285;28285;65870;7495;61980;1627101824;0,456780333068;0,4002492353;0,173118384947;37495;0,199893319109;32260,3013735251;104515;0,30866671170191;0,069831199728;0,327404554208;129573256;83825;0,096066842752164;5;3;3;3,8;Annual Report;TSMC 2024 Annual Report;https://investor.tsmc.com/static/annualReports/2024/english/ebook/files/basic-html/page116.html;Employee count grew to 83825. Continued global expansion in Taiwan, Arizona, Japan, and other locations drove hiring. TSMC maintained technical training and stable employment, but overseas expansion and workforce-culture challenges remained relevant. AI adaptation score stays moderate because evidence is advanced manufacturing and technical workforce development rather than explicit broad AI upskilling.;High
TSMC;TSM;AI Infrastructure;FY2025;2025;2025-12-31;122270;55140;252290;173600;40450;61720;81350;40900;0,385181828480798;560713280;0,31762672811;0,330825222867;7680;0;28711;28711;85957;10801;78690;522966880;0,504784493334;0,450969166598;0,21855800864;43901;0,246030842122;46534,9764242302;116354;0,399943073931538;0,062811809928;0,334505602355;23623088;90557;0,0803101699970176;5;3;3;3,8;External News;Tom's Hardware article citing TSMC Annual Report;https://www.tomshardware.com/tech-industry/semiconductors/tsmc-is-on-track-to-have-more-employees-than-intel-for-the-first-time-in-history-tsmcs-explosive-growth-stands-in-contrast-to-intels-rapid-contraction;Workforce reached 90557 by end-2025 according to external reporting that cites TSMC's Annual Report. Headcount growth continued with fab expansion and AI semiconductor demand. No public layoffs were identified, but overseas scaling, workforce shortages, and work-intensity concerns temper the employee trust score.;High
